workerId,Session,Study,treatmentId,race,age,gender,political,duration,starTime,submitTime
5d485ae88e0dc50016999a45,SESSION_ID:64f8d13bc28ef2003303254d,STUDY_ID:64f8ce337b289a6b18812bba,1,White,83,Male,Democrat,duration:45958,startTime:Wed Sep 06 2023 14:27:26 GMT-0500 (Central Daylight Time),submitTime:Wed Sep 06 2023 14:28:12 GMT-0500 (Central Daylight Time)}
6101ef1676d38820d1002ef5,SESSION_ID:64f8e4bf513660da02a396a3,STUDY_ID:64f8ce337b289a6b18812bbb,3,White,26,Female,Democrat,duration:24588,startTime:Wed Sep 06 2023 16:46:54 GMT-0400 (Eastern Daylight Time),submitTime:Wed Sep 06 2023 16:47:19 GMT-0400 (Eastern Daylight Time)}
60fcd5602ff7c8f0866ecd0c,SESSION_ID:64f8da91bfc537a0c8d66b84,STUDY_ID:64f8ce337b289a6b18812bbb,1,White,22,Female,Independent,duration:18900,startTime:Wed Sep 06 2023 16:03:07 GMT-0400 (Eastern Daylight Time),submitTime:Wed Sep 06 2023 16:03:26 GMT-0400 (Eastern Daylight Time)}
62a0e45a42fe6bdc52816cba,SESSION_ID:64f8e45900c076ace0aa1951,STUDY_ID:64f8ce337b289a6b18812bba,2,White,43,Male,Independent,duration:18981,startTime:Wed Sep 06 2023 15:49:35 GMT-0500 (Central Daylight Time),submitTime:Wed Sep 06 2023 15:49:54 GMT-0500 (Central Daylight Time)}
5974561734b844000168d1e0,SESSION_ID:64f9d70c0eeff7274c3b34db,STUDY_ID:64f9ca79054670dbff57b69b,1,Black,48,Female,Democrat,duration:24295,startTime:Thu Sep 07 2023 09:59:41 GMT-0400 (Eastern Daylight Time),submitTime:Thu Sep 07 2023 10:00:05 GMT-0400 (Eastern Daylight Time)}
646bbb2b727f660f5ec8f1c9,SESSION_ID:64f8e2913133be442a939a31,STUDY_ID:64f8ce337b289a6b18812bbb,3,White,51,Female,Independent,duration:30513,startTime:Wed Sep 06 2023 13:36:10 GMT-0700 (Pacific Daylight Time),submitTime:Wed Sep 06 2023 13:36:40 GMT-0700 (Pacific Daylight Time)}
62f5991b40e76fbc1bae0ce2,SESSION_ID:64f8850d67ad0a3e138a2fa8,STUDY_ID:64f87d77f1db16f3b98108c2,2,Asian,21,Male,Democrat,duration:16585,startTime:Wed Sep 06 2023 06:57:36 GMT-0700 (Pacific Daylight Time),submitTime:Wed Sep 06 2023 06:57:53 GMT-0700 (Pacific Daylight Time)}
6105e4e2b57f170990f20593,SESSION_ID:64fa30d46678ac30bcb85574,STUDY_ID:64fa1e7d676feb23d42ed75d,1,Hispanic,21,Female,Independent,duration:23425,startTime:Thu Sep 07 2023 13:24:26 GMT-0700 (Mountain Standard Time),submitTime:Thu Sep 07 2023 13:24:49 GMT-0700 (Mountain Standard Time)}
5cfc38f7ee119e001803dd01,SESSION_ID:64f8e5ba19b5ef827f5ac7c5,STUDY_ID:64f8ce337b289a6b18812bba,1,White,28,Male,Republican,duration:15022,startTime:Wed Sep 06 2023 16:49:43 GMT-0400 (Eastern Daylight Time),submitTime:Wed Sep 06 2023 16:49:58 GMT-0400 (Eastern Daylight Time)}
5dd733664524e76dc4537fe2,SESSION_ID:64f8e7f41613460b1de85603,STUDY_ID:64f8ce337b289a6b18812bbb,3,White,36,Female,Democrat,duration:28771,startTime:Wed Sep 06 2023 15:59:53 GMT-0500 (Central Daylight Time),submitTime:Wed Sep 06 2023 16:00:22 GMT-0500 (Central Daylight Time)}
5b1ff5f058c4e90001f83f37,SESSION_ID:64f88ee52fcc237037e09ce4,STUDY_ID:64f87d77f1db16f3b98108c3,2,Hispanic,31,Female,Democrat,duration:23083,startTime:Wed Sep 06 2023 10:39:23 GMT-0400 (EDT),submitTime:Wed Sep 06 2023 10:39:46 GMT-0400 (EDT)}
63d8352e4565d58f6e88cf09,SESSION_ID:64f8900ec574e454a02c25c8,STUDY_ID:64f87d77f1db16f3b98108c2,1,White,43,Male,Democrat,duration:40843,startTime:Wed Sep 06 2023 10:44:27 GMT-0400 (Eastern Daylight Time),submitTime:Wed Sep 06 2023 10:45:08 GMT-0400 (Eastern Daylight Time)}
599bf0606c165e000113fe27,SESSION_ID:64f9f5cc97bfbdbb350888ae,STUDY_ID:64f9ee09a7d6206585ae8d12,2,Black,37,Female,Democrat,duration:28883,startTime:Thu Sep 07 2023 09:11:41 GMT-0700 (Mountain Standard Time),submitTime:Thu Sep 07 2023 09:12:10 GMT-0700 (Mountain Standard Time)}
5f85f217f845b10f388f2ce7,SESSION_ID:64f8e5feab6a041bf3960a84,STUDY_ID:64f8ce337b289a6b18812bbb,2,White,53,Female,Independent,duration:23099,startTime:Wed Sep 06 2023 15:53:01 GMT-0500 (Central Daylight Time),submitTime:Wed Sep 06 2023 15:53:24 GMT-0500 (Central Daylight Time)}
647c634cd65cca58780f6b82,SESSION_ID:64f88d7ee0df91e9c25ac764,STUDY_ID:64f87d77f1db16f3b98108c2,2,Black,52,Male,Republican,duration:27757,startTime:Wed Sep 06 2023 09:34:02 GMT-0500 (Central Daylight Time),submitTime:Wed Sep 06 2023 09:34:29 GMT-0500 (Central Daylight Time)}
5c961ee66357fb0001ef4b4a,SESSION_ID:64f88c5fb5c6a24878aa194e,STUDY_ID:64f87d77f1db16f3b98108c2,1,Black,54,Male,Democrat,duration:72379,startTime:Wed Sep 06 2023 10:29:38 GMT-0400 (Eastern Daylight Time),submitTime:Wed Sep 06 2023 10:30:50 GMT-0400 (Eastern Daylight Time)}
5e6387b1b7d70b10675e3a26,SESSION_ID:64f8e48989e7785e2a165921,STUDY_ID:64f8ce337b289a6b18812bba,1,Asian,46,Male,Independent,duration:23316,startTime:Wed Sep 06 2023 16:45:42 GMT-0400 (Eastern Daylight Time),submitTime:Wed Sep 06 2023 16:46:06 GMT-0400 (Eastern Daylight Time)}
5e71538a5a6f13000be49db8,SESSION_ID:64f88e989e5ca0f30261f12e,STUDY_ID:64f87d77f1db16f3b98108c2,3,Asian,33,Male,Democrat,duration:17918,startTime:Wed Sep 06 2023 10:40:26 GMT-0400 (Eastern Daylight Time),submitTime:Wed Sep 06 2023 10:40:44 GMT-0400 (Eastern Daylight Time)}
643c5a145909cc6ac7e6d62c,SESSION_ID:64f9fe4cf1039b24ebf6d4cb,STUDY_ID:64f9ee09a7d6206585ae8d12,2,White,49,Female,Democrat,duration:29571,startTime:Thu Sep 07 2023 09:51:18 GMT-0700 (Pacific Daylight Time),submitTime:Thu Sep 07 2023 09:51:48 GMT-0700 (Pacific Daylight Time)}
63ea538fb9558d21e27d41b8,SESSION_ID:64f8e707a7c8046bcbfee42c,STUDY_ID:64f8ce337b289a6b18812bba,1,White,42,Male,Republican,duration:37933,startTime:Wed Sep 06 2023 17:00:06 GMT-0400 (Eastern Daylight Time),submitTime:Wed Sep 06 2023 17:00:44 GMT-0400 (Eastern Daylight Time)}
62dbd5b3734a6a1375b46eea,SESSION_ID:64f8dfb005096720b4f48984,STUDY_ID:64f8ce337b289a6b18812bba,3,White,35,Male,Democrat,duration:25186,startTime:Wed Sep 06 2023 13:46:05 GMT-0700 (Pacific Daylight Time),submitTime:Wed Sep 06 2023 13:46:31 GMT-0700 (Pacific Daylight Time)}
5caab3f119731a00190bbbcd,SESSION_ID:64f8e1af5ff4e39136d98b85,STUDY_ID:64f8ce337b289a6b18812bbb,1,Black,25,Female,Democrat,duration:30268,startTime:Wed Sep 06 2023 15:32:51 GMT-0500 (Central Daylight Time),submitTime:Wed Sep 06 2023 15:33:21 GMT-0500 (Central Daylight Time)}
60fcc9c1ead2e823344601ee,SESSION_ID:64f88fdae94397d093a3ca26,STUDY_ID:64f87d77f1db16f3b98108c2,1,American,29,Male,Democrat,duration:27477,startTime:Wed Sep 06 2023 10:43:51 GMT-0400 (Eastern Daylight Time),submitTime:Wed Sep 06 2023 10:44:19 GMT-0400 (Eastern Daylight Time)}
5ba288c63fd80800016308c4,SESSION_ID:64f8901a80bf23b318ac37cc,STUDY_ID:64f87d77f1db16f3b98108c2,2,White,30,Male,Democrat,duration:32055,startTime:Wed Sep 06 2023 10:44:39 GMT-0400 (Eastern Daylight Time),submitTime:Wed Sep 06 2023 10:45:11 GMT-0400 (Eastern Daylight Time)}
5a5ec648eedc32000142ce86,SESSION_ID:64f89018c1c9b2c9107897b8,STUDY_ID:64f87d77f1db16f3b98108c3,3,White,53,Female,Independent,duration:45888,startTime:Wed Sep 06 2023 10:45:50 GMT-0400 (Eastern Daylight Time),submitTime:Wed Sep 06 2023 10:46:36 GMT-0400 (Eastern Daylight Time)}
63d147592a1ada8a4fee12be,SESSION_ID:64f8e495def0764ad96145c9,STUDY_ID:64f8ce337b289a6b18812bbb,3,White,47,Female,Independent,duration:43905,startTime:Wed Sep 06 2023 16:48:31 GMT-0400 (Eastern Daylight Time),submitTime:Wed Sep 06 2023 16:49:15 GMT-0400 (Eastern Daylight Time)}
61084dbab48ab21fce452554,SESSION_ID:64f89067aa40ff126e2cac6a,STUDY_ID:64f87d77f1db16f3b98108c3,2,White,25,Female,Democrat,duration:19750,startTime:Wed Sep 06 2023 10:48:33 GMT-0400 (Eastern Daylight Time),submitTime:Wed Sep 06 2023 10:48:53 GMT-0400 (Eastern Daylight Time)}
5eb1c4b83d87452fe3a40ff5,SESSION_ID:64f8dbbeb2e0de07d8356c89,STUDY_ID:64f8ce337b289a6b18812bbb,2,White,53,Female,Democrat,duration:24447,startTime:Wed Sep 06 2023 16:08:04 GMT-0400 (Eastern Daylight Time),submitTime:Wed Sep 06 2023 16:08:28 GMT-0400 (Eastern Daylight Time)}
645e4f49d473048703d162cb,SESSION_ID:64fb368435c18b5440bc5b16,STUDY_ID:64fb25990f2d04d645f0af85,3,Black,49,Female,Democrat,duration:83908,startTime:Fri Sep 08 2023 11:04:13 GMT-0400 (Eastern Daylight Time),submitTime:Fri Sep 08 2023 11:05:36 GMT-0400 (Eastern Daylight Time)}
6100481dd1b1b838ba53030f,SESSION_ID:64fa28664035cc7aad12fc43,STUDY_ID:64fa1e7d676feb23d42ed75d,1,Hispanic,26,Female,Democrat,duration:36811,startTime:Thu Sep 07 2023 15:47:27 GMT-0400 (Eastern Daylight Time),submitTime:Thu Sep 07 2023 15:48:04 GMT-0400 (Eastern Daylight Time)}
60fde5e29e585481874a9d16,SESSION_ID:64f8eba1d200ee4af6d98b95,STUDY_ID:64f8ce337b289a6b18812bbb,2,White,40,Female,Democrat,duration:25855,startTime:Wed Sep 06 2023 14:22:38 GMT-0700 (Mountain Standard Time),submitTime:Wed Sep 06 2023 14:23:04 GMT-0700 (Mountain Standard Time)}
641370f5a8d3826956778170,SESSION_ID:64fa337c9fe1fe2066fd0d2d,STUDY_ID:64fa1e7d676feb23d42ed75d,1,Black,33,Female,Independent,duration:25006,startTime:Thu Sep 07 2023 15:37:33 GMT-0500 (Central Daylight Time),submitTime:Thu Sep 07 2023 15:37:58 GMT-0500 (Central Daylight Time)}
5d901b10d7a21a001d635d12,SESSION_ID:64f8e7083bd7ca3567962530,STUDY_ID:64f8ce337b289a6b18812bba,2,White,32,Male,Independent,duration:25998,startTime:Wed Sep 06 2023 15:56:10 GMT-0500 (Central Daylight Time),submitTime:Wed Sep 06 2023 15:56:36 GMT-0500 (Central Daylight Time)}
5f32f61bbff4620bf0794044,SESSION_ID:64f8d2fc25b6af134baafedb,STUDY_ID:64f8ce337b289a6b18812bba,2,White,29,Male,Democrat,duration:13583,startTime:Wed Sep 06 2023 14:34:38 GMT-0500 (Central Daylight Time),submitTime:Wed Sep 06 2023 14:34:51 GMT-0500 (Central Daylight Time)}
580bea98827ca10001db514e,SESSION_ID:64fa51f97666e856d8347551,STUDY_ID:64fa428fa4e478e7a98223f8,3,Black,54,Male,Democrat,duration:23101,startTime:Thu Sep 07 2023 18:44:01 GMT-0400 (Eastern Daylight Time),submitTime:Thu Sep 07 2023 18:44:24 GMT-0400 (Eastern Daylight Time)}
6400df45e639d203b8518cad,SESSION_ID:64f88c958fa793bb55ffc33f,STUDY_ID:64f87d77f1db16f3b98108c2,3,Others,38,Male,Independent,duration:21923,startTime:Wed Sep 06 2023 09:30:12 GMT-0500 (Central Daylight Time),submitTime:Wed Sep 06 2023 09:30:34 GMT-0500 (Central Daylight Time)}
5db721e8e26da7000b6c7f85,SESSION_ID:64f88d2a798d53b7802c2598,STUDY_ID:64f87d77f1db16f3b98108c3,2,Black,31,Female,Democrat,duration:46594,startTime:Wed Sep 06 2023 10:35:22 GMT-0400 (Eastern Daylight Time),submitTime:Wed Sep 06 2023 10:36:08 GMT-0400 (Eastern Daylight Time)}
629feb5b41542f049572e04c,SESSION_ID:64fa4e4fba4136e1e83add4f,STUDY_ID:64fa428fa4e478e7a98223f8,3,White,46,Male,Democrat,duration:74423,startTime:Thu Sep 07 2023 18:29:09 GMT-0400 (Eastern Daylight Time),submitTime:Thu Sep 07 2023 18:30:24 GMT-0400 (Eastern Daylight Time)}
5c90094e71f3100016181ea9,SESSION_ID:64f8e1ffb4e991de381658f3,STUDY_ID:64f8ce337b289a6b18812bbb,3,White,43,Female,Independent,duration:83471,startTime:Wed Sep 06 2023 13:39:42 GMT-0700 (Mountain Standard Time),submitTime:Wed Sep 06 2023 13:41:06 GMT-0700 (Mountain Standard Time)}
57af9cdda169b50001a434e3,SESSION_ID:64f88b5bd4ee2b1028fd2e2b,STUDY_ID:64f87d77f1db16f3b98108c3,2,White,42,Female,Republican,duration:22880,startTime:Wed Sep 06 2023 09:25:31 GMT-0500 (Central Daylight Time),submitTime:Wed Sep 06 2023 09:25:53 GMT-0500 (Central Daylight Time)}
615a3aff99c738f7dd86fded,SESSION_ID:64f89069b23d2542e19ad948,STUDY_ID:64f87d77f1db16f3b98108c3,3,Hispanic,42,Female,Independent,duration:51725,startTime:Wed Sep 06 2023 09:47:05 GMT-0500 (Central Daylight Time),submitTime:Wed Sep 06 2023 09:47:57 GMT-0500 (Central Daylight Time)}
5e6a610ab80986011a2bafa8,SESSION_ID:64f88806fd39f4196003160c,STUDY_ID:64f87d77f1db16f3b98108c3,2,White,30,Female,Independent,duration:17625,startTime:Wed Sep 06 2023 09:09:49 GMT-0500 (Central Daylight Time),submitTime:Wed Sep 06 2023 09:10:07 GMT-0500 (Central Daylight Time)}
6285130fc532c72c28eec863,SESSION_ID:64f9f2418ab60579f247c4a3,STUDY_ID:64f9ee09a7d6206585ae8d11,2,White,30,Male,Independent,duration:18120,startTime:Thu Sep 07 2023 12:03:36 GMT-0400 (Eastern Daylight Time),submitTime:Thu Sep 07 2023 12:03:54 GMT-0400 (Eastern Daylight Time)}
559c3ad8fdf99b32b55f2d32,SESSION_ID:64fb38de35dff8516ca3ee07,STUDY_ID:64fb25990f2d04d645f0af85,2,White,47,Female,Independent,duration:30080,startTime:Fri Sep 08 2023 10:10:55 GMT-0500 (Central Daylight Time),submitTime:Fri Sep 08 2023 10:11:25 GMT-0500 (Central Daylight Time)}
5e9f5c69290ef80c286040e5,SESSION_ID:64f8e46fcacc9d3b07920c53,STUDY_ID:64f8ce337b289a6b18812bba,3,White,33,Male,Independent,duration:28070,startTime:Wed Sep 06 2023 14:45:28 GMT-0600 (Mountain Daylight Time),submitTime:Wed Sep 06 2023 14:45:56 GMT-0600 (Mountain Daylight Time)}
5c646fd5a6d35c00015e8f3b,SESSION_ID:64f88a85d844aec0baf489aa,STUDY_ID:64f87d77f1db16f3b98108c2,2,White,68,Male,Republican,duration:120571,startTime:Wed Sep 06 2023 10:22:49 GMT-0400 (Eastern Daylight Time),submitTime:Wed Sep 06 2023 10:24:50 GMT-0400 (Eastern Daylight Time)}
637ce608b8f8f923bf784d84,SESSION_ID:64f887e445d7834a87b250c7,STUDY_ID:64f87d77f1db16f3b98108c3,2,White,56,Female,Democrat,duration:28337,startTime:Wed Sep 06 2023 10:10:18 GMT-0400 (Eastern Daylight Time),submitTime:Wed Sep 06 2023 10:10:46 GMT-0400 (Eastern Daylight Time)}
6479149437acdbf4247b99ac,SESSION_ID:64f8e1b3ec8cd97b0cc27197,STUDY_ID:64f8ce337b289a6b18812bbb,2,Asian,61,Female,Democrat,duration:36128,startTime:Wed Sep 06 2023 16:34:37 GMT-0400 (Eastern Daylight Time),submitTime:Wed Sep 06 2023 16:35:14 GMT-0400 (Eastern Daylight Time)}
63d161797b3fa37dcc7bce35,SESSION_ID:64f8e4301ad1e6e6d85550d7,STUDY_ID:64f8ce337b289a6b18812bbb,3,Black,34,Female,Democrat,duration:19362,startTime:Wed Sep 06 2023 16:44:57 GMT-0400 (Eastern Daylight Time),submitTime:Wed Sep 06 2023 16:45:17 GMT-0400 (Eastern Daylight Time)}
63ed99d5c3520191a0a7280e,SESSION_ID:64f88d0e8afec8d36916590b,STUDY_ID:64f87d77f1db16f3b98108c2,2,Black,23,Male,Democrat,duration:19101,startTime:Wed Sep 06 2023 10:31:35 GMT-0400 (Eastern Daylight Time),submitTime:Wed Sep 06 2023 10:31:54 GMT-0400 (Eastern Daylight Time)}
631916ad7afacf6bf7b9a0f6,SESSION_ID:64f8e5b02f4ee19dafb9b7e7,STUDY_ID:64f8ce337b289a6b18812bba,1,White,47,Male,Independent,duration:17186,startTime:Wed Sep 06 2023 13:54:05 GMT-0700 (Pacific Daylight Time),submitTime:Wed Sep 06 2023 13:54:22 GMT-0700 (Pacific Daylight Time)}
6107d8ee8bd9a035d04f6d98,SESSION_ID:64f8906fdf0e210b98b940b1,STUDY_ID:64f87d77f1db16f3b98108c3,2,White,56,Female,Democrat,duration:30040,startTime:Wed Sep 06 2023 07:47:12 GMT-0700 (Pacific Daylight Time),submitTime:Wed Sep 06 2023 07:47:42 GMT-0700 (Pacific Daylight Time)}
612bdce27fe2b2cb696269f4,SESSION_ID:64f8d4067c8df9d1d5d66ba7,STUDY_ID:64f8ce337b289a6b18812bba,1,White,28,Male,Independent,duration:22072,startTime:Wed Sep 06 2023 12:34:24 GMT-0700 (PDT),submitTime:Wed Sep 06 2023 12:34:46 GMT-0700 (PDT)}
633643465b40568290457617,SESSION_ID:64f8d4bd3684ef5bfd4996c1,STUDY_ID:64f8ce337b289a6b18812bba,3,Hispanic,31,Male,Republican,duration:19075,startTime:Wed Sep 06 2023 14:38:04 GMT-0500 (Central Daylight Time),submitTime:Wed Sep 06 2023 14:38:23 GMT-0500 (Central Daylight Time)}
5edae7d8d517f50009cbac62,SESSION_ID:64f8e1ad04848d80b1960a7d,STUDY_ID:64f8ce337b289a6b18812bba,3,White,34,Male,Independent,duration:22299,startTime:Wed Sep 06 2023 15:33:45 GMT-0500 (Central Daylight Time),submitTime:Wed Sep 06 2023 15:34:08 GMT-0500 (Central Daylight Time)}
6138f7e0ad42e592ca5f2024,SESSION_ID:64f9d444358174e2ff80a47e,STUDY_ID:64f9ca79054670dbff57b69a,1,Black,35,Male,Democrat,duration:34384,startTime:Thu Sep 07 2023 08:49:09 GMT-0500 (Central Daylight Time),submitTime:Thu Sep 07 2023 08:49:44 GMT-0500 (Central Daylight Time)}
6115b2963198eca231d6eb2b,SESSION_ID:64f8e1e0280a151f0ad34db5,STUDY_ID:64f8ce337b289a6b18812bbb,1,White,34,Male,Independent,duration:23934,startTime:Wed Sep 06 2023 15:33:30 GMT-0500 (Central Daylight Time),submitTime:Wed Sep 06 2023 15:33:53 GMT-0500 (Central Daylight Time)}
645504167604634b380f35fd,SESSION_ID:64f8ddf9cb6f2a6e1dfd70d0,STUDY_ID:64f8ce337b289a6b18812bbb,1,Black,51,Female,Democrat,duration:27483,startTime:Wed Sep 06 2023 16:21:12 GMT-0400 (Eastern Daylight Time),submitTime:Wed Sep 06 2023 16:21:39 GMT-0400 (Eastern Daylight Time)}
57656f6c2bfddf000125cce5,SESSION_ID:64f8e566cacc9d3b07920cb6,STUDY_ID:64f8ce337b289a6b18812bba,3,Hispanic,38,Male,Independent,duration:50126,startTime:Wed Sep 06 2023 16:50:12 GMT-0400 (Eastern Daylight Time),submitTime:Wed Sep 06 2023 16:51:02 GMT-0400 (Eastern Daylight Time)}
5a9067894eecca0001dd1427,SESSION_ID:64f8e6c7f68f75a97ffd7114,STUDY_ID:64f8ce337b289a6b18812bba,3,Black,27,Male,Democrat,duration:24933,startTime:Wed Sep 06 2023 16:53:57 GMT-0400 (Eastern Daylight Time),submitTime:Wed Sep 06 2023 16:54:22 GMT-0400 (Eastern Daylight Time)}
63d412b04410a6e323b0d343,SESSION_ID:64f8e28f64c02812fb2cbc9b,STUDY_ID:64f8ce337b289a6b18812bbb,2,Asian,36,Female,Democrat,duration:28348,startTime:Wed Sep 06 2023 13:36:01 GMT-0700 (Pacific Daylight Time),submitTime:Wed Sep 06 2023 13:36:29 GMT-0700 (Pacific Daylight Time)}
63d4351c19d2f4fb2c92029d,SESSION_ID:64f886e9d3ddbf4a28166484,STUDY_ID:64f87d77f1db16f3b98108c3,2,White,41,Female,Democrat,duration:45279,startTime:Wed Sep 06 2023 10:06:48 GMT-0400 (Eastern Daylight Time),submitTime:Wed Sep 06 2023 10:07:33 GMT-0400 (Eastern Daylight Time)}
60234c1d5a0cf81cba76ce5d,SESSION_ID:64fa34397c538b0bdcb305b4,STUDY_ID:64fa1e7d676feb23d42ed75d,1,Black,26,Female,Democrat,duration:32745,startTime:Thu Sep 07 2023 16:38:49 GMT-0400 (Eastern Daylight Time),submitTime:Thu Sep 07 2023 16:39:21 GMT-0400 (Eastern Daylight Time)}
63179fe6d8b52834c9c8f5f7,SESSION_ID:64f8d63cd73eae4358fee437,STUDY_ID:64f8ce337b289a6b18812bba,1,White,21,Male,Independent,duration:18480,startTime:Wed Sep 06 2023 15:43:34 GMT-0400 (Eastern Daylight Time),submitTime:Wed Sep 06 2023 15:43:52 GMT-0400 (Eastern Daylight Time)}
61099b4c0e17f05142f54a2d,SESSION_ID:64f8d0a56a1ab08a26ddaeab,STUDY_ID:64f8ce337b289a6b18812bba,1,White,20,Male,Democrat,duration:17171,startTime:Wed Sep 06 2023 15:19:39 GMT-0400 (Eastern Daylight Time),submitTime:Wed Sep 06 2023 15:19:56 GMT-0400 (Eastern Daylight Time)}
5d02c9be020a21001835c3b4,SESSION_ID:64f9d6f41f9ef22dd9346958,STUDY_ID:64f9ca79054670dbff57b69a,1,Hispanic,43,Male,Republican,duration:35413,startTime:Thu Sep 07 2023 10:00:24 GMT-0400 (Eastern Daylight Time),submitTime:Thu Sep 07 2023 10:01:00 GMT-0400 (Eastern Daylight Time)}
5a216247c3e60a0001780c42,SESSION_ID:64f9d45e239d385293e0da47,STUDY_ID:64f9ca79054670dbff57b69b,1,White,32,Female,Independent,duration:20298,startTime:Thu Sep 07 2023 08:49:18 GMT-0500 (Central Daylight Time),submitTime:Thu Sep 07 2023 08:49:38 GMT-0500 (Central Daylight Time)}
5d801be659e51300155599f8,SESSION_ID:64fa534181a09f466c34ace3,STUDY_ID:64fa428fa4e478e7a98223f8,3,Asian,50,Male,Democrat,duration:17850,startTime:Thu Sep 07 2023 15:49:27 GMT-0700 (Pacific Daylight Time),submitTime:Thu Sep 07 2023 15:49:44 GMT-0700 (Pacific Daylight Time)}
60442cee4664dd4aa31a9f34,SESSION_ID:64f8911c93b93fb52eaa1942,STUDY_ID:64f87d77f1db16f3b98108c3,3,Black,40,Male,Democrat,duration:32381,startTime:Wed Sep 06 2023 10:49:19 GMT-0400 (Eastern Daylight Time),submitTime:Wed Sep 06 2023 10:49:51 GMT-0400 (Eastern Daylight Time)}
5f6ed11ceac50e424bb71560,SESSION_ID:64fa4d17416293af92211de8,STUDY_ID:64fa428fa4e478e7a98223f8,3,Hispanic,21,Male,Independent,duration:15814,startTime:Thu Sep 07 2023 15:23:43 GMT-0700 (Mountain Standard Time),submitTime:Thu Sep 07 2023 15:23:59 GMT-0700 (Mountain Standard Time)}
5e146ae30db892a7d9c12265,SESSION_ID:64f9d49044798a2ee6505b79,STUDY_ID:64f9ca79054670dbff57b69b,1,Black,59,Female,Democrat,duration:29353,startTime:Thu Sep 07 2023 09:49:06 GMT-0400 (Eastern Daylight Time),submitTime:Thu Sep 07 2023 09:49:35 GMT-0400 (Eastern Daylight Time)}
60b1e0b0d3329704f19e6590,SESSION_ID:64f8e21f972f8aa367a6c021,STUDY_ID:64f8ce337b289a6b18812bbb,2,White,28,Female,Republican,duration:24560,startTime:Wed Sep 06 2023 15:35:25 GMT-0500 (Central Daylight Time),submitTime:Wed Sep 06 2023 15:35:50 GMT-0500 (Central Daylight Time)}
5edfbd316e98a72c5f5bdf16,SESSION_ID:64f88a3609da8ea8cd2b0b7d,STUDY_ID:64f87d77f1db16f3b98108c2,2,White,29,Male,Democrat,duration:19619,startTime:Wed Sep 06 2023 10:35:54 GMT-0400 (Eastern Daylight Time),submitTime:Wed Sep 06 2023 10:36:14 GMT-0400 (Eastern Daylight Time)}
633a1952eb49d5caf1a9a176,SESSION_ID:64f8dcc06e380142c8d98b85,STUDY_ID:64f8ce337b289a6b18812bba,3,White,30,Male,Democrat,duration:26895,startTime:Wed Sep 06 2023 16:11:36 GMT-0400 (Eastern Daylight Time),submitTime:Wed Sep 06 2023 16:12:03 GMT-0400 (Eastern Daylight Time)}
62e05742fafd80b3f0c2e20b,SESSION_ID:64f8e6d11d91f47e72a9444e,STUDY_ID:64f8ce337b289a6b18812bba,1,Black,22,Male,Independent,duration:39578,startTime:Wed Sep 06 2023 16:55:53 GMT-0400 (Eastern Daylight Time),submitTime:Wed Sep 06 2023 16:56:32 GMT-0400 (Eastern Daylight Time)}
6117c048b6509f4c0729321b,SESSION_ID:64f8d6f3caae8c0eb8356cc0,STUDY_ID:64f8ce337b289a6b18812bbb,1,White,37,Female,Democrat,duration:24398,startTime:Wed Sep 06 2023 14:48:28 GMT-0500 (Central Daylight Time),submitTime:Wed Sep 06 2023 14:48:52 GMT-0500 (Central Daylight Time)}
5dc6e8472865554f0289bb6d,SESSION_ID:64f88f216e0884bb5f2e7fc5,STUDY_ID:64f87d77f1db16f3b98108c3,3,White,32,Female,Independent,duration:25875,startTime:Wed Sep 06 2023 09:40:39 GMT-0500 (Central Daylight Time),submitTime:Wed Sep 06 2023 09:41:05 GMT-0500 (Central Daylight Time)}
5baa535fa3c9170001156197,SESSION_ID:64fa335da9734392144ce5a9,STUDY_ID:64fa1e7d676feb23d42ed75d,3,Others,33,Female,Independent,duration:28685,startTime:Thu Sep 07 2023 16:40:33 GMT-0400 (Eastern Daylight Time),submitTime:Thu Sep 07 2023 16:41:02 GMT-0400 (Eastern Daylight Time)}
631cfe68ec3769b3711bd80d,SESSION_ID:64f8dbd3737e9c7527702e58,STUDY_ID:64f8ce337b289a6b18812bba,1,White,53,Male,Republican,duration:30593,startTime:Wed Sep 06 2023 16:08:20 GMT-0400 (Eastern Daylight Time),submitTime:Wed Sep 06 2023 16:08:51 GMT-0400 (Eastern Daylight Time)}
5fea7bd6c92395acf31ae3a7,SESSION_ID:64f8e4f2dc6c418679d34d76,STUDY_ID:64f8ce337b289a6b18812bbb,3,White,48,Female,Democrat,duration:18478,startTime:Wed Sep 06 2023 10:46:34 GMT-1000 (Hawaii-Aleutian Standard Time),submitTime:Wed Sep 06 2023 10:46:53 GMT-1000 (Hawaii-Aleutian Standard Time)}
612e1df9913c996adb2a42a6,SESSION_ID:64f88cff9ff87e896c083c61,STUDY_ID:64f87d77f1db16f3b98108c3,2,Black,65,Female,Democrat,duration:36954,startTime:Wed Sep 06 2023 09:34:48 GMT-0500 (Central Daylight Time),submitTime:Wed Sep 06 2023 09:35:25 GMT-0500 (Central Daylight Time)}
62728884995a1a76605d0214,SESSION_ID:64f8921e8535d5a04fa31b82,STUDY_ID:64f87d77f1db16f3b98108c3,2,White,44,Female,Republican,duration:21191,startTime:Wed Sep 06 2023 10:55:27 GMT-0400 (Eastern Daylight Time),submitTime:Wed Sep 06 2023 10:55:48 GMT-0400 (Eastern Daylight Time)}
57d810f1813eb30001825b65,SESSION_ID:64fa4e4b166231dbd3211db4,STUDY_ID:64fa428fa4e478e7a98223f8,3,White,47,Male,Independent,duration:44326,startTime:Thu Sep 07 2023 17:31:13 GMT-0500 (Central Daylight Time),submitTime:Thu Sep 07 2023 17:31:58 GMT-0500 (Central Daylight Time)}
614f5734ca61d17940ac78b3,SESSION_ID:64f8d8e607f28e107449970c,STUDY_ID:64f8ce337b289a6b18812bbb,3,White,55,Female,Republican,duration:20470,startTime:Wed Sep 06 2023 15:55:23 GMT-0400 (Eastern Daylight Time),submitTime:Wed Sep 06 2023 15:55:43 GMT-0400 (Eastern Daylight Time)}
646c953a4bedd1bdd42d3177,SESSION_ID:64f8e6ecf172546da5b9b7fb,STUDY_ID:64f8ce337b289a6b18812bba,2,White,28,Male,Republican,duration:97626,startTime:Wed Sep 06 2023 16:58:19 GMT-0400 (Eastern Daylight Time),submitTime:Wed Sep 06 2023 16:59:57 GMT-0400 (Eastern Daylight Time)}
60ed8b58291a506de5a1bf6f,SESSION_ID:64f88e8aa5fdff69254791a7,STUDY_ID:64f87d77f1db16f3b98108c2,2,White,36,Male,Democrat,duration:36158,startTime:Wed Sep 06 2023 10:42:56 GMT-0400 (Eastern Daylight Time),submitTime:Wed Sep 06 2023 10:43:32 GMT-0400 (Eastern Daylight Time)}
616625112409e9e6c32a82a7,SESSION_ID:64fa31fdb0d8991cbb236198,STUDY_ID:64fa1e7d676feb23d42ed75d,1,White,20,Female,Democrat,duration:23382,startTime:Thu Sep 07 2023 13:28:07 GMT-0700 (Pacific Daylight Time),submitTime:Thu Sep 07 2023 13:28:30 GMT-0700 (Pacific Daylight Time)}
5c90094e71f3100016181ea9,SESSION_ID:64f8e1ffb4e991de381658f3,STUDY_ID:64f8ce337b289a6b18812bbb,1,White,43,Female,Independent,duration:25981,startTime:Wed Sep 06 2023 13:55:45 GMT-0700 (Mountain Standard Time),submitTime:Wed Sep 06 2023 13:56:11 GMT-0700 (Mountain Standard Time)}
5f0d0bb334aaaf7151fee628,SESSION_ID:64fb31e39ca237826f3f55df,STUDY_ID:64fb25990f2d04d645f0af85,3,White,29,Female,Independent,duration:19939,startTime:Fri Sep 08 2023 10:39:58 GMT-0400 (Eastern Daylight Time),submitTime:Fri Sep 08 2023 10:40:18 GMT-0400 (Eastern Daylight Time)}
5f9b7861ba641d39dfde5fa3,SESSION_ID:64f889daf03fdc5c3d24aab0,STUDY_ID:64f87d77f1db16f3b98108c2,1,Black,33,Male,Independent,duration:46014,startTime:Wed Sep 06 2023 10:27:53 GMT-0400 (Eastern Daylight Time),submitTime:Wed Sep 06 2023 10:28:39 GMT-0400 (Eastern Daylight Time)}
62cc9a938512898953c46e71,SESSION_ID:64fb5ed790d758787f9f3cc8,STUDY_ID:64fb5325bdb79267c69827df,2,Others,26,Male,Independent,duration:31015,startTime:Fri Sep 08 2023 10:52:07 GMT-0700 (Pacific Daylight Time),submitTime:Fri Sep 08 2023 10:52:38 GMT-0700 (Pacific Daylight Time)}
5d51444f292b750001583e28,SESSION_ID:64f9d3cb2428e25f181425f4,STUDY_ID:64f9ca79054670dbff57b69a,1,White,26,Male,Democrat,duration:16713,startTime:Thu Sep 07 2023 09:49:43 GMT-0400 (Eastern Daylight Time),submitTime:Thu Sep 07 2023 09:49:59 GMT-0400 (Eastern Daylight Time)}
63d13f416b2c25038c13007f,SESSION_ID:64f8e62d705175f268939a5e,STUDY_ID:64f8ce337b289a6b18812bbb,3,White,46,Female,Democrat,duration:22793,startTime:Wed Sep 06 2023 16:48:42 GMT-0400 (Eastern Daylight Time),submitTime:Wed Sep 06 2023 16:49:04 GMT-0400 (Eastern Daylight Time)}
5bc0c37d93ca500001adca49,SESSION_ID:64f8e61d9cdf4b2e99e7542a,STUDY_ID:64f8ce337b289a6b18812bba,1,Asian,32,Male,Democrat,duration:44693,startTime:Wed Sep 06 2023 16:51:21 GMT-0400 (Eastern Daylight Time),submitTime:Wed Sep 06 2023 16:52:06 GMT-0400 (Eastern Daylight Time)}
614f571879ee135c5a579e08,SESSION_ID:64f8e3fa180d7a72c3aa196d,STUDY_ID:64f8ce337b289a6b18812bba,2,Black,28,Male,Democrat,duration:49850,startTime:Wed Sep 06 2023 16:44:47 GMT-0400 (Eastern Daylight Time),submitTime:Wed Sep 06 2023 16:45:37 GMT-0400 (Eastern Daylight Time)}
642b6547b732b663d7180d06,SESSION_ID:64fa565a16bb4ec9f240c8d2,STUDY_ID:64fa428fa4e478e7a98223f8,1,White,52,Male,Independent,duration:35657,startTime:Thu Sep 07 2023 17:03:42 GMT-0600 (Mountain Daylight Time),submitTime:Thu Sep 07 2023 17:04:17 GMT-0600 (Mountain Daylight Time)}
60dfe9736907fdf7faf974c3,SESSION_ID:64fb54a594671a3e22b4cff7,STUDY_ID:64fb5325bdb79267c69827df,2,Hispanic,23,Male,Democrat,duration:23480,startTime:Fri Sep 08 2023 13:07:39 GMT-0400 (Eastern Daylight Time),submitTime:Fri Sep 08 2023 13:08:02 GMT-0400 (Eastern Daylight Time)}
60adf51428fe67f3dd0d3f35,SESSION_ID:64f8df04e6c922e0285ac7a3,STUDY_ID:64f8ce337b289a6b18812bbb,2,White,23,Male,Democrat,duration:29231,startTime:Wed Sep 06 2023 13:21:08 GMT-0700 (Pacific Daylight Time),submitTime:Wed Sep 06 2023 13:21:38 GMT-0700 (Pacific Daylight Time)}
6283a3f5da2972c2b8c1ecac,SESSION_ID:64f8d1e115719461092f7998,STUDY_ID:64f8ce337b289a6b18812bba,2,White,31,Male,Democrat,duration:27464,startTime:Wed Sep 06 2023 12:25:59 GMT-0700 (Pacific Daylight Time),submitTime:Wed Sep 06 2023 12:26:27 GMT-0700 (Pacific Daylight Time)}
6348801ddd19d0c7bfddac73,SESSION_ID:64f8e425bcf9c4d9178e7195,STUDY_ID:64f8ce337b289a6b18812bbb,1,White,76,Female,Democrat,duration:70428,startTime:Wed Sep 06 2023 16:45:32 GMT-0400 (Eastern Daylight Time),submitTime:Wed Sep 06 2023 16:46:43 GMT-0400 (Eastern Daylight Time)}
602aaad0543ec50f6af5cc79,SESSION_ID:64fa491e626d1e55cd40c8ef,STUDY_ID:64fa428fa4e478e7a98223f8,1,Hispanic,23,Male,Independent,duration:9967,startTime:Thu Sep 07 2023 19:07:41 GMT-0400 (Eastern Daylight Time),submitTime:Thu Sep 07 2023 19:07:51 GMT-0400 (Eastern Daylight Time)}
63d7c7cc6818efd3fd8dfc80,SESSION_ID:64fb361eb9d6d42217ffaa87,STUDY_ID:64fb25990f2d04d645f0af85,1,White,51,Female,Republican,duration:37000,startTime:Fri Sep 08 2023 09:58:49 GMT-0500 (Central Daylight Time),submitTime:Fri Sep 08 2023 09:59:26 GMT-0500 (Central Daylight Time)}
62686fdb4b7b799abadf0303,SESSION_ID:64fb38d7d477c8f7ba092c9e,STUDY_ID:64fb25990f2d04d645f0af85,3,White,54,Female,Democrat,duration:37162,startTime:Fri Sep 08 2023 11:09:52 GMT-0400 (Eastern Daylight Time),submitTime:Fri Sep 08 2023 11:10:29 GMT-0400 (Eastern Daylight Time)}
646691e373f0424399e2de28,SESSION_ID:64f8e9669a53f8ca7cb03893,STUDY_ID:64f8ce337b289a6b18812bba,3,White,63,Male,Democrat,duration:36726,startTime:Wed Sep 06 2023 21:15:10 GMT-0400 (Eastern Daylight Time),submitTime:Wed Sep 06 2023 21:15:47 GMT-0400 (Eastern Daylight Time)}
63ea4d8e84be50666e5e2bd6,SESSION_ID:64fa0313ed0c3d1a5ce8298e,STUDY_ID:64f9ee09a7d6206585ae8d11,2,Asian,30,Male,Democrat,duration:23250,startTime:Thu Sep 07 2023 13:07:29 GMT-0400 (Eastern Daylight Time),submitTime:Thu Sep 07 2023 13:07:53 GMT-0400 (Eastern Daylight Time)}
6331b9456956d880a1e4632f,SESSION_ID:64f88f86aa40ff126e2cac3d,STUDY_ID:64f87d77f1db16f3b98108c2,2,White,39,Male,Republican,duration:24676,startTime:Wed Sep 06 2023 07:43:51 GMT-0700 (Pacific Daylight Time),submitTime:Wed Sep 06 2023 07:44:15 GMT-0700 (Pacific Daylight Time)}
608437f0b139060610c9f0c1,SESSION_ID:64f8e33b71c0c5b0bf61f105,STUDY_ID:64f8ce337b289a6b18812bbb,2,White,70,Female,Republican,duration:27687,startTime:Wed Sep 06 2023 16:42:42 GMT-0400 (Eastern Daylight Time),submitTime:Wed Sep 06 2023 16:43:10 GMT-0400 (Eastern Daylight Time)}
5f29c35127bcc61497b0b1ac,SESSION_ID:64f8d750ab79699f6fe34474,STUDY_ID:64f8ce337b289a6b18812bba,3,White,72,Male,Republican,duration:68818,startTime:Wed Sep 06 2023 14:50:48 GMT-0500 (Central Daylight Time),submitTime:Wed Sep 06 2023 14:51:57 GMT-0500 (Central Daylight Time)}
5f4818e6d5ce1016c865ed24,SESSION_ID:64f8e47cf91ae7b584702e47,STUDY_ID:64f8ce337b289a6b18812bbb,2,White,66,Female,Democrat,duration:21665,startTime:Wed Sep 06 2023 16:48:08 GMT-0400 (Eastern Daylight Time),submitTime:Wed Sep 06 2023 16:48:30 GMT-0400 (Eastern Daylight Time)}
5fc2c97b862e3e4297a36895,SESSION_ID:64f88e13a7358a5627033f1a,STUDY_ID:64f87d77f1db16f3b98108c2,2,White,27,Male,Independent,duration:22948,startTime:Wed Sep 06 2023 10:36:13 GMT-0400 (Eastern Daylight Time),submitTime:Wed Sep 06 2023 10:36:36 GMT-0400 (Eastern Daylight Time)}
62959d1553cc14e98f4b8d78,SESSION_ID:64f8e53cfbddfda612a1aba9,STUDY_ID:64f8ce337b289a6b18812bba,2,Asian,27,Male,Republican,duration:24006,startTime:Wed Sep 06 2023 13:47:20 GMT-0700 (Pacific Daylight Time),submitTime:Wed Sep 06 2023 13:47:44 GMT-0700 (Pacific Daylight Time)}
6116fc951576ba52d58c9886,SESSION_ID:64f9f45508f4b22e007a0d12,STUDY_ID:64f9ee09a7d6206585ae8d12,2,White,22,Female,Democrat,duration:16136,startTime:Thu Sep 07 2023 12:04:45 GMT-0400 (Eastern Daylight Time),submitTime:Thu Sep 07 2023 12:05:01 GMT-0400 (Eastern Daylight Time)}
62bdd58c792242d931ee4271,SESSION_ID:64fa498856514f1976e5790d,STUDY_ID:64fa428fa4e478e7a98223f8,3,Others,23,Male,Independent,duration:35069,startTime:Thu Sep 07 2023 18:09:53 GMT-0400 (Eastern Daylight Time),submitTime:Thu Sep 07 2023 18:10:28 GMT-0400 (Eastern Daylight Time)}
633129042bb1ab9f1847e81f,SESSION_ID:64f8e46526771fd55e2f79ab,STUDY_ID:64f8ce337b289a6b18812bba,3,White,32,Female,Democrat,duration:24243,startTime:Wed Sep 06 2023 13:44:34 GMT-0700 (Mountain Standard Time),submitTime:Wed Sep 06 2023 13:44:59 GMT-0700 (Mountain Standard Time)}
6435903dd5b95a684be498e4,SESSION_ID:64f8dcbdfa8b53d748e8cfd7,STUDY_ID:64f8ce337b289a6b18812bba,2,White,49,Male,Democrat,duration:30372,startTime:Wed Sep 06 2023 20:12:31 GMT+0000 (Coordinated Universal Time),submitTime:Wed Sep 06 2023 20:13:01 GMT+0000 (Coordinated Universal Time)}
60e00468ba249d2d30b2d7b2,SESSION_ID:64f88575910cf3eb9eddae65,STUDY_ID:64f87d77f1db16f3b98108c2,3,White,43,Male,Democrat,duration:32322,startTime:Wed Sep 06 2023 07:58:38 GMT-0600 (Mountain Daylight Time),submitTime:Wed Sep 06 2023 07:59:10 GMT-0600 (Mountain Daylight Time)}
5f287688ccd58219916e07af,SESSION_ID:64fa230dfa1ab8e7bf6174b1,STUDY_ID:64fa1e7d676feb23d42ed75d,3,Asian,36,Female,Independent,duration:19709,startTime:Thu Sep 07 2023 12:24:46 GMT-0700 (Pacific Daylight Time),submitTime:Thu Sep 07 2023 12:25:05 GMT-0700 (Pacific Daylight Time)}
641361951f32a46c07479b33,SESSION_ID:64fb3a99b063b6bf5a4b268d,STUDY_ID:64fb25990f2d04d645f0af85,1,White,36,Female,Democrat,duration:24048,startTime:Fri Sep 08 2023 11:16:08 GMT-0400 (Eastern Daylight Time),submitTime:Fri Sep 08 2023 11:16:32 GMT-0400 (Eastern Daylight Time)}
63fc608db691cbfaeab36b66,SESSION_ID:64fa4d9c30265fb26989a067,STUDY_ID:64fa428fa4e478e7a98223f8,1,Black,24,Male,Democrat,duration:17953,startTime:Thu Sep 07 2023 15:25:20 GMT-0700 (Mountain Standard Time),submitTime:Thu Sep 07 2023 15:25:38 GMT-0700 (Mountain Standard Time)}
5e6a285eb7c24208ef1b9569,SESSION_ID:64fa29d575bda03db5ddd020,STUDY_ID:64fa1e7d676feb23d42ed75d,1,Black,31,Female,Independent,duration:51032,startTime:Thu Sep 07 2023 15:54:12 GMT-0400 (Eastern Daylight Time),submitTime:Thu Sep 07 2023 15:55:03 GMT-0400 (Eastern Daylight Time)}
6418e61f3b8276ec30d33995,SESSION_ID:64f88e389c3987a2e6960ad2,STUDY_ID:64f87d77f1db16f3b98108c2,3,Black,25,Male,Democrat,duration:25227,startTime:Wed Sep 06 2023 10:37:41 GMT-0400 (Eastern Daylight Time),submitTime:Wed Sep 06 2023 10:38:06 GMT-0400 (Eastern Daylight Time)}
6385145870ee943d400366ec,SESSION_ID:64f8e25564e2d1d5deb94093,STUDY_ID:64f8ce337b289a6b18812bba,2,Black,23,Male,Democrat,duration:50929,startTime:Wed Sep 06 2023 16:36:44 GMT-0400 (Eastern Daylight Time),submitTime:Wed Sep 06 2023 16:37:34 GMT-0400 (Eastern Daylight Time)}
633dbba020f607c3522b86ed,SESSION_ID:64f8e63618ccddb31cae3ab3,STUDY_ID:64f8ce337b289a6b18812bba,2,White,43,Male,Independent,duration:24334,startTime:Wed Sep 06 2023 16:58:04 GMT-0400 (Eastern Daylight Time),submitTime:Wed Sep 06 2023 16:58:29 GMT-0400 (Eastern Daylight Time)}
6329fef9d9d384640eb94cfa,SESSION_ID:64f88f2831f3208549e855e9,STUDY_ID:64f87d77f1db16f3b98108c3,1,White,43,Female,Democrat,duration:38649,startTime:Wed Sep 06 2023 10:42:21 GMT-0400 (Eastern Daylight Time),submitTime:Wed Sep 06 2023 10:42:59 GMT-0400 (Eastern Daylight Time)}
611bed11fa6a3b35c9226c29,SESSION_ID:64f8e30d352c74e4c2e12486,STUDY_ID:64f8ce337b289a6b18812bba,3,White,68,Male,Democrat,duration:45567,startTime:Wed Sep 06 2023 16:41:08 GMT-0400 (Eastern Daylight Time),submitTime:Wed Sep 06 2023 16:41:53 GMT-0400 (Eastern Daylight Time)}
610f615654fdbcac0f485a9d,SESSION_ID:64f9d7412128cc5e2d084e51,STUDY_ID:64f9ca79054670dbff57b69b,1,White,29,Female,Independent,duration:16137,startTime:Thu Sep 07 2023 10:00:35 GMT-0400 (Eastern Daylight Time),submitTime:Thu Sep 07 2023 10:00:51 GMT-0400 (Eastern Daylight Time)}
54247a37fdf99b691fb3846c,SESSION_ID:64fa3242478692bf5e211dea,STUDY_ID:64fa1e7d676feb23d42ed75d,3,White,52,Female,Independent,duration:46142,startTime:Thu Sep 07 2023 15:30:01 GMT-0500 (Central Daylight Time),submitTime:Thu Sep 07 2023 15:30:47 GMT-0500 (Central Daylight Time)}
5f721a81ee2a860fe028a8a4,SESSION_ID:64fb5a33156f1abeb14170a6,STUDY_ID:64fb5325bdb79267c69827df,2,White,26,Male,Independent,duration:22809,startTime:Fri Sep 08 2023 10:32:31 GMT-0700 (Pacific Daylight Time),submitTime:Fri Sep 08 2023 10:32:54 GMT-0700 (Pacific Daylight Time)}
638c01625c212d643526dfae,SESSION_ID:64f8ef68a1600fc08e5ac779,STUDY_ID:64f8ce337b289a6b18812bba,2,White,67,Male,Republican,duration:62517,startTime:Wed Sep 06 2023 16:33:20 GMT-0500 (Central Daylight Time),submitTime:Wed Sep 06 2023 16:34:22 GMT-0500 (Central Daylight Time)}
60fcbda8909f2ef8e0afa8ca,SESSION_ID:64f8d2ad30134e7e17920c30,STUDY_ID:64f8ce337b289a6b18812bbb,3,White,65,Female,Republican,duration:38759,startTime:Wed Sep 06 2023 15:31:08 GMT-0400 (Eastern Daylight Time),submitTime:Wed Sep 06 2023 15:31:47 GMT-0400 (Eastern Daylight Time)}
63d41270b0fcb44aade343df,SESSION_ID:64fa50bc7b40a2c44040c8d9,STUDY_ID:64fa428fa4e478e7a98223f8,1,Asian,18,Male,Republican,duration:8839,startTime:Thu Sep 07 2023 17:38:31 GMT-0500 (Central Daylight Time),submitTime:Thu Sep 07 2023 17:38:40 GMT-0500 (Central Daylight Time)}
5b2a37ee5b5c0900018b0ca5,SESSION_ID:64fb3172256699228b9827ca,STUDY_ID:64fb25990f2d04d645f0af85,3,White,59,Female,Independent,duration:44062,startTime:Fri Sep 08 2023 10:40:11 GMT-0400 (Eastern Daylight Time),submitTime:Fri Sep 08 2023 10:40:55 GMT-0400 (Eastern Daylight Time)}
615b39c56d4a42f215089b8a,SESSION_ID:64f8db4909b88d0f376145bb,STUDY_ID:64f8ce337b289a6b18812bba,3,White,31,Male,Democrat,duration:20677,startTime:Wed Sep 06 2023 16:04:46 GMT-0400 (Eastern Daylight Time),submitTime:Wed Sep 06 2023 16:05:06 GMT-0400 (Eastern Daylight Time)}
5d49f28a3fefca00193319ac,SESSION_ID:64f8e625e4a64557ade855b8,STUDY_ID:64f8ce337b289a6b18812bba,3,White,30,Male,Independent,duration:22708,startTime:Wed Sep 06 2023 16:59:46 GMT-0400 (Eastern Daylight Time),submitTime:Wed Sep 06 2023 17:00:09 GMT-0400 (Eastern Daylight Time)}
6107272874f58769a86a21b9,SESSION_ID:64f8e4a3cacc9d3b07920c64,STUDY_ID:64f8ce337b289a6b18812bbb,2,White,51,Female,Independent,duration:36861,startTime:Wed Sep 06 2023 16:47:22 GMT-0400 (Eastern Daylight Time),submitTime:Wed Sep 06 2023 16:47:59 GMT-0400 (Eastern Daylight Time)}
5fc54af5d4630404ca86fa7e,SESSION_ID:64f8905b3fac31d6fd24aa6d,STUDY_ID:64f87d77f1db16f3b98108c3,2,White,34,Female,Democrat,duration:13512,startTime:Wed Sep 06 2023 09:46:29 GMT-0500 (Central Daylight Time),submitTime:Wed Sep 06 2023 09:46:42 GMT-0500 (Central Daylight Time)}
5eb080ccaf87d11143472477,SESSION_ID:64fb381f1a26f5202afc544f,STUDY_ID:64fb25990f2d04d645f0af85,2,Others,25,Female,Independent,duration:22357,startTime:Fri Sep 08 2023 11:05:58 GMT-0400 (Eastern Daylight Time),submitTime:Fri Sep 08 2023 11:06:20 GMT-0400 (Eastern Daylight Time)}
5c6efb8565434c0001a483ec,SESSION_ID:64f8d6742d27a59c3d61f127,STUDY_ID:64f8ce337b289a6b18812bba,3,White,51,Male,Independent,duration:45322,startTime:Wed Sep 06 2023 15:45:02 GMT-0400 (Eastern Daylight Time),submitTime:Wed Sep 06 2023 15:45:48 GMT-0400 (Eastern Daylight Time)}
631639fab96f950c32505935,SESSION_ID:64fa2eeef26311b078de3f19,STUDY_ID:64fa1e7d676feb23d42ed75d,1,White,27,Female,Democrat,duration:26051,startTime:Thu Sep 07 2023 13:14:57 GMT-0700 (Mountain Standard Time),submitTime:Thu Sep 07 2023 13:15:23 GMT-0700 (Mountain Standard Time)}
6031ceae5e466a1647a29da7,SESSION_ID:64f88b10fb84b1243ea31b62,STUDY_ID:64f87d77f1db16f3b98108c2,3,Black,40,Male,Independent,duration:15891,startTime:Wed Sep 06 2023 10:23:19 GMT-0400 (Eastern Daylight Time),submitTime:Wed Sep 06 2023 10:23:35 GMT-0400 (Eastern Daylight Time)}
5b646a727c39ee00010a18b0,SESSION_ID:64f8e263337012c64d4069fa,STUDY_ID:64f8ce337b289a6b18812bba,3,White,44,Male,Republican,duration:47042,startTime:Wed Sep 06 2023 16:36:45 GMT-0400 (Eastern Daylight Time),submitTime:Wed Sep 06 2023 16:37:32 GMT-0400 (Eastern Daylight Time)}
573a8aca67421f000f191c52,SESSION_ID:64f8ebf8105df3a3f8ac380c,STUDY_ID:64f8ce337b289a6b18812bbb,2,Others,44,Female,Republican,duration:40924,startTime:Wed Sep 06 2023 17:24:03 GMT-0400 (Eastern Daylight Time),submitTime:Wed Sep 06 2023 17:24:44 GMT-0400 (Eastern Daylight Time)}
631f6e0b69d34cd131d923f8,SESSION_ID:64f88f35eedf333b71d98b6a,STUDY_ID:64f87d77f1db16f3b98108c2,3,White,33,Male,Democrat,duration:36943,startTime:Wed Sep 06 2023 10:41:51 GMT-0400 (Eastern Daylight Time),submitTime:Wed Sep 06 2023 10:42:27 GMT-0400 (Eastern Daylight Time)}
5e7e659ae47a3d5249d9bd9e,SESSION_ID:64fa28e1f53fa11ac9b2b1ef,STUDY_ID:64fa1e7d676feb23d42ed75d,1,White,43,Female,Independent,duration:19449,startTime:Thu Sep 07 2023 15:48:29 GMT-0400 (Eastern Daylight Time),submitTime:Thu Sep 07 2023 15:48:49 GMT-0400 (Eastern Daylight Time)}
6344534a15c77c9e3b0cd8c3,SESSION_ID:64f8e05de4749d6a88fd7136,STUDY_ID:64f8ce337b289a6b18812bba,2,White,31,Male,Independent,duration:26964,startTime:Wed Sep 06 2023 15:27:14 GMT-0500 (Central Daylight Time),submitTime:Wed Sep 06 2023 15:27:41 GMT-0500 (Central Daylight Time)}
58d7896b4240e5000118f705,SESSION_ID:64fa26f64c6cac4c53de4149,STUDY_ID:64fa1e7d676feb23d42ed75d,3,White,83,Female,Democrat,duration:34434,startTime:Thu Sep 07 2023 12:41:12 GMT-0700 (Pacific Daylight Time),submitTime:Thu Sep 07 2023 12:41:47 GMT-0700 (Pacific Daylight Time)}
62b33e2a447824fbd0770025,SESSION_ID:64f8e172e30ea389e45ac75d,STUDY_ID:64f8ce337b289a6b18812bbb,2,Asian,26,Female,Democrat,duration:20208,startTime:Wed Sep 06 2023 16:31:46 GMT-0400 (Eastern Daylight Time),submitTime:Wed Sep 06 2023 16:32:06 GMT-0400 (Eastern Daylight Time)}
63bc6e49ef966f7b73451b41,SESSION_ID:64f8d2e88264cf668916591e,STUDY_ID:64f8ce337b289a6b18812bbb,3,White,42,Female,Democrat,duration:20427,startTime:Wed Sep 06 2023 15:30:16 GMT-0400 (Eastern Daylight Time),submitTime:Wed Sep 06 2023 15:30:36 GMT-0400 (Eastern Daylight Time)}
63f120152d0d387ed7666017,SESSION_ID:64fa55c9a771add21889a069,STUDY_ID:64fa428fa4e478e7a98223f8,1,White,23,Male,Democrat,duration:20570,startTime:Thu Sep 07 2023 18:59:52 GMT-0400 (Eastern Daylight Time),submitTime:Thu Sep 07 2023 19:00:13 GMT-0400 (Eastern Daylight Time)}
644ffe36f37a530813d052a5,SESSION_ID:64f890de3a6776d327083cda,STUDY_ID:64f87d77f1db16f3b98108c3,3,Black,55,Female,Independent,duration:25934,startTime:Wed Sep 06 2023 10:48:41 GMT-0400 (Eastern Daylight Time),submitTime:Wed Sep 06 2023 10:49:07 GMT-0400 (Eastern Daylight Time)}
648786bd2c580f666fb051cd,SESSION_ID:64fa33ea84d49710740965ad,STUDY_ID:64fa1e7d676feb23d42ed75d,3,Black,49,Female,Democrat,duration:55332,startTime:Thu Sep 07 2023 15:38:21 GMT-0500 (Central Daylight Time),submitTime:Thu Sep 07 2023 15:39:16 GMT-0500 (Central Daylight Time)}
60ae888883acfc2413cc459b,SESSION_ID:64f8892ef02bde3b9d0495d1,STUDY_ID:64f87d77f1db16f3b98108c3,1,White,51,Female,Independent,duration:32720,startTime:Wed Sep 06 2023 10:16:05 GMT-0400 (Eastern Daylight Time),submitTime:Wed Sep 06 2023 10:16:37 GMT-0400 (Eastern Daylight Time)}
614ca018863895a0b6724719,SESSION_ID:64f8df86c55105889b083c74,STUDY_ID:64f8ce337b289a6b18812bbb,2,Hispanic,37,Female,Independent,duration:28717,startTime:Wed Sep 06 2023 16:26:32 GMT-0400 (Eastern Daylight Time),submitTime:Wed Sep 06 2023 16:27:01 GMT-0400 (Eastern Daylight Time)}
61005a9bfd2f14f18ef7ec7d,SESSION_ID:64f8e5e987c032e51ae3445b,STUDY_ID:64f8ce337b289a6b18812bba,3,White,26,Male,Independent,duration:11358,startTime:Wed Sep 06 2023 15:52:18 GMT-0500 (Central Daylight Time),submitTime:Wed Sep 06 2023 15:52:29 GMT-0500 (Central Daylight Time)}
64135b2efa1c09f8a0b91bd4,SESSION_ID:64f88f8fb34df91c6de12467,STUDY_ID:64f87d77f1db16f3b98108c3,1,White,35,Female,Democrat,duration:18948,startTime:Wed Sep 06 2023 09:43:04 GMT-0500 (Central Daylight Time),submitTime:Wed Sep 06 2023 09:43:23 GMT-0500 (Central Daylight Time)}
55d35a63da14d7001295328e,SESSION_ID:64f9f5356d1b5037b97a0ce9,STUDY_ID:64f9ee09a7d6206585ae8d12,2,White,30,Female,Democrat,duration:13905,startTime:Thu Sep 07 2023 12:07:45 GMT-0400 (Eastern Daylight Time),submitTime:Thu Sep 07 2023 12:07:59 GMT-0400 (Eastern Daylight Time)}
609ccafaf59efe6d8b43503f,SESSION_ID:64fa2b03581eb9b0c1de3ef3,STUDY_ID:64fa1e7d676feb23d42ed75d,3,Asian,38,Female,Democrat,duration:35635,startTime:Thu Sep 07 2023 13:00:36 GMT-0700 (Pacific Daylight Time),submitTime:Thu Sep 07 2023 13:01:12 GMT-0700 (Pacific Daylight Time)}
5fed6c9c0d786daf31f29f3d,SESSION_ID:64f88d019f5cb91e955fb91f,STUDY_ID:64f87d77f1db16f3b98108c3,3,Asian,36,Female,Independent,duration:26106,startTime:Wed Sep 06 2023 09:33:05 GMT-0500 (Central Daylight Time),submitTime:Wed Sep 06 2023 09:33:31 GMT-0500 (Central Daylight Time)}
5caa7f8c0d95570013d82f2f,SESSION_ID:64f8e65cfbeffecfd8356c81,STUDY_ID:64f8ce337b289a6b18812bbb,3,Hispanic,33,Female,Democrat,duration:19021,startTime:Wed Sep 06 2023 13:54:20 GMT-0700 (Pacific Daylight Time),submitTime:Wed Sep 06 2023 13:54:39 GMT-0700 (Pacific Daylight Time)}
5fab3afc780978629141d35f,SESSION_ID:64f9ccb6add187243b41f73c,STUDY_ID:64f9ca79054670dbff57b69b,1,White,25,Female,Democrat,duration:13231,startTime:Thu Sep 07 2023 08:16:11 GMT-0500 (Central Daylight Time),submitTime:Thu Sep 07 2023 08:16:24 GMT-0500 (Central Daylight Time)}
6323e8ff54572f1c005051e7,SESSION_ID:64f8ddb0638c3b397b4996d9,STUDY_ID:64f8ce337b289a6b18812bba,1,White,29,Male,Democrat,duration:26442,startTime:Wed Sep 06 2023 15:13:33 GMT-0500 (Central Daylight Time),submitTime:Wed Sep 06 2023 15:13:59 GMT-0500 (Central Daylight Time)}
62851102d56842a48361f9d4,SESSION_ID:64f9f9b797e403a3fd302527,STUDY_ID:64f9ee09a7d6206585ae8d11,2,Black,30,Male,Democrat,duration:17006,startTime:Thu Sep 07 2023 12:33:11 GMT-0400 (Eastern Daylight Time),submitTime:Thu Sep 07 2023 12:33:28 GMT-0400 (Eastern Daylight Time)}
61731c0ef27028acbfbbf972,SESSION_ID:64f8e6a1eba715a7ecd98baa,STUDY_ID:64f8ce337b289a6b18812bba,3,Black,25,Male,Democrat,duration:40951,startTime:Wed Sep 06 2023 16:55:09 GMT-0400 (Eastern Daylight Time),submitTime:Wed Sep 06 2023 16:55:50 GMT-0400 (Eastern Daylight Time)}
6017ee441e8f20aa1fbfb114,SESSION_ID:64f8e6d3662cc92670b875cc,STUDY_ID:64f8ce337b289a6b18812bba,3,Hispanic,28,Male,Independent,duration:34060,startTime:Wed Sep 06 2023 16:59:56 GMT-0400 (アメリカ東部夏時間),submitTime:Wed Sep 06 2023 17:00:30 GMT-0400 (アメリカ東部夏時間)}
629feb5b41542f049572e04c,SESSION_ID:64fa4e4fba4136e1e83add4f,STUDY_ID:64fa428fa4e478e7a98223f8,1,White,46,Male,Democrat,duration:32144,startTime:Thu Sep 07 2023 18:35:58 GMT-0400 (Eastern Daylight Time),submitTime:Thu Sep 07 2023 18:36:30 GMT-0400 (Eastern Daylight Time)}
5b0d1b8e444cef0001ca66ac,SESSION_ID:64f89068ecc7199d0df1fa31,STUDY_ID:64f87d77f1db16f3b98108c3,2,White,59,Female,Democrat,duration:29317,startTime:Wed Sep 06 2023 07:46:23 GMT-0700 (Mountain Standard Time),submitTime:Wed Sep 06 2023 07:46:53 GMT-0700 (Mountain Standard Time)}
5cffe60f6846ae00019d35ef,SESSION_ID:64f8887e25ea83f8f2033ec5,STUDY_ID:64f87d77f1db16f3b98108c2,1,Asian,35,Male,Democrat,duration:21222,startTime:Wed Sep 06 2023 10:12:24 GMT-0400 (Eastern Daylight Time),submitTime:Wed Sep 06 2023 10:12:46 GMT-0400 (Eastern Daylight Time)}
5e711d9e908b46031e32138c,SESSION_ID:64f9fa530ec9b6cb6a002bc7,STUDY_ID:64f9ee09a7d6206585ae8d11,2,White,63,Male,Democrat,duration:38360,startTime:Thu Sep 07 2023 12:44:35 GMT-0400 (Eastern Daylight Time),submitTime:Thu Sep 07 2023 12:45:14 GMT-0400 (Eastern Daylight Time)}
57962a6e2fc0d400012c808e,SESSION_ID:64f88aeeeb907de7aae09cfb,STUDY_ID:64f87d77f1db16f3b98108c3,1,White,62,Female,Democrat,duration:27320,startTime:Wed Sep 06 2023 10:27:42 GMT-0400 (Eastern Daylight Time),submitTime:Wed Sep 06 2023 10:28:09 GMT-0400 (Eastern Daylight Time)}
62c55056993f53f1e8cf8e30,SESSION_ID:64f88e0490878ccc4561f142,STUDY_ID:64f87d77f1db16f3b98108c2,3,Asian,70,Male,Democrat,duration:25602,startTime:Wed Sep 06 2023 10:36:09 GMT-0400 (Eastern Daylight Time),submitTime:Wed Sep 06 2023 10:36:35 GMT-0400 (Eastern Daylight Time)}
645b64a4db6c2fa817932d6e,SESSION_ID:64f8e104514d7136f1b875a5,STUDY_ID:64f8ce337b289a6b18812bbb,1,Black,62,Female,Democrat,duration:50054,startTime:Wed Sep 06 2023 15:34:55 GMT-0500 (Central Daylight Time),submitTime:Wed Sep 06 2023 15:35:45 GMT-0500 (Central Daylight Time)}
62edced11d9948c019253ff6,SESSION_ID:64f8e2de3d4357b95403160b,STUDY_ID:64f8ce337b289a6b18812bba,2,Hispanic,22,Male,Democrat,duration:30967,startTime:Wed Sep 06 2023 16:37:49 GMT-0400 (Eastern Daylight Time),submitTime:Wed Sep 06 2023 16:38:20 GMT-0400 (Eastern Daylight Time)}
58ae45f35e63bf00013b530e,SESSION_ID:64f8e63cd0eafe6826033eb1,STUDY_ID:64f8ce337b289a6b18812bbb,1,Others,29,Female,Democrat,duration:83998,startTime:Wed Sep 06 2023 13:54:27 GMT-0700 (Pacific Daylight Time),submitTime:Wed Sep 06 2023 13:55:51 GMT-0700 (Pacific Daylight Time)}
628409abe8772d1f138b7f14,SESSION_ID:64fa3356c23e359eb1554c3a,STUDY_ID:64fa1e7d676feb23d42ed75d,3,White,50,Female,Independent,duration:19551,startTime:Thu Sep 07 2023 13:34:29 GMT-0700 (Pacific Daylight Time),submitTime:Thu Sep 07 2023 13:34:49 GMT-0700 (Pacific Daylight Time)}
639a21660463f7343d9cee2b,SESSION_ID:64f9d27f1ba1b3f883dd44b8,STUDY_ID:64f9ca79054670dbff57b69b,1,Black,54,Female,Democrat,duration:64135,startTime:Thu Sep 07 2023 09:43:39 GMT-0400 (Eastern Daylight Time),submitTime:Thu Sep 07 2023 09:44:43 GMT-0400 (Eastern Daylight Time)}
5970f735c988c000015c0991,SESSION_ID:64f8d3f5375c7515ab083c9f,STUDY_ID:64f8ce337b289a6b18812bbb,2,Asian,34,Female,Democrat,duration:30160,startTime:Wed Sep 06 2023 14:36:09 GMT-0500 (Central Daylight Time),submitTime:Wed Sep 06 2023 14:36:39 GMT-0500 (Central Daylight Time)}
63fcf7251ace1792db0941b0,SESSION_ID:64f88fd4ae9e09b823033ef8,STUDY_ID:64f87d77f1db16f3b98108c3,3,White,67,Female,Democrat,duration:36629,startTime:Wed Sep 06 2023 10:47:59 GMT-0400 (Eastern Daylight Time),submitTime:Wed Sep 06 2023 10:48:36 GMT-0400 (Eastern Daylight Time)}
60370fb9821755a90ad3b880,SESSION_ID:64f9d42acf12c735afe0da40,STUDY_ID:64f9ca79054670dbff57b69a,1,White,61,Male,Republican,duration:36889,startTime:Thu Sep 07 2023 09:49:05 GMT-0400 (Eastern Daylight Time),submitTime:Thu Sep 07 2023 09:49:42 GMT-0400 (Eastern Daylight Time)}
6109e236712f82b8272ac810,SESSION_ID:64f8e2f33f25219a88fee476,STUDY_ID:64f8ce337b289a6b18812bbb,2,White,21,Female,Democrat,duration:22169,startTime:Wed Sep 06 2023 15:38:17 GMT-0500 (Central Daylight Time),submitTime:Wed Sep 06 2023 15:38:39 GMT-0500 (Central Daylight Time)}
636ac91e053af9563ef87d92,SESSION_ID:64f88a9f481ca8322224aa7a,STUDY_ID:64f87d77f1db16f3b98108c2,3,Black,60,Female,Democrat,duration:36057,startTime:Wed Sep 06 2023 10:22:36 GMT-0400 (GMT-04:00),submitTime:Wed Sep 06 2023 10:23:12 GMT-0400 (GMT-04:00)}
5f5be09e16b98d18b3d213db,SESSION_ID:64fa27ccc754ec161ab9591e,STUDY_ID:64fa1e7d676feb23d42ed75d,3,White,27,Female,Democrat,duration:21111,startTime:Thu Sep 07 2023 14:45:36 GMT-0500 (Central Daylight Time),submitTime:Thu Sep 07 2023 14:45:57 GMT-0500 (Central Daylight Time)}
5e4f1498f5442136deff0d6e,SESSION_ID:64f887e525ea83f8f2033ea7,STUDY_ID:64f87d77f1db16f3b98108c2,3,White,21,Male,Independent,duration:13283,startTime:Wed Sep 06 2023 09:09:26 GMT-0500 (Central Daylight Time),submitTime:Wed Sep 06 2023 09:09:39 GMT-0500 (Central Daylight Time)}
5f4818e6d5ce1016c865ed24,SESSION_ID:64f8e47cf91ae7b584702e47,STUDY_ID:64f8ce337b289a6b18812bbb,2,White,66,Female,Democrat,duration:29831,startTime:Wed Sep 06 2023 16:46:02 GMT-0400 (Eastern Daylight Time),submitTime:Wed Sep 06 2023 16:46:32 GMT-0400 (Eastern Daylight Time)}
6310bdd0c04dd21ec4d97496,SESSION_ID:64f88b5ae9d456823ccf659b,STUDY_ID:64f87d77f1db16f3b98108c2,1,Asian,29,Male,Democrat,duration:44930,startTime:Wed Sep 06 2023 07:26:43 GMT-0700 (Pacific Daylight Time),submitTime:Wed Sep 06 2023 07:27:28 GMT-0700 (Pacific Daylight Time)}
5f4fe40c4af6f3120ff17532,SESSION_ID:64f89058dea5248e6cddae7d,STUDY_ID:64f87d77f1db16f3b98108c2,2,White,58,Male,Independent,duration:25998,startTime:Wed Sep 06 2023 07:46:35 GMT-0700 (Pacific Daylight Time),submitTime:Wed Sep 06 2023 07:47:01 GMT-0700 (Pacific Daylight Time)}
6362ed6cd9d25c2306e67e41,SESSION_ID:64f8d766c8008b0253018331,STUDY_ID:64f8ce337b289a6b18812bbb,2,White,40,Female,Democrat,duration:29369,startTime:Wed Sep 06 2023 15:50:12 GMT-0400 (Eastern Daylight Time),submitTime:Wed Sep 06 2023 15:50:41 GMT-0400 (Eastern Daylight Time)}
63e619e5820fec66c7514ec3,SESSION_ID:64f9d0ff81d9a15def17faa5,STUDY_ID:64f9ca79054670dbff57b69b,1,Asian,27,Female,Democrat,duration:15139,startTime:Thu Sep 07 2023 08:33:47 GMT-0500 (Central Daylight Time),submitTime:Thu Sep 07 2023 08:34:02 GMT-0500 (Central Daylight Time)}
63209d3d38b5c490f3bccd01,SESSION_ID:64f88116dbe7657f2d5b0221,STUDY_ID:64f87d77f1db16f3b98108c2,3,White,34,Male,Independent,duration:16215,startTime:Wed Sep 06 2023 09:40:13 GMT-0400 (Eastern Daylight Time),submitTime:Wed Sep 06 2023 09:40:29 GMT-0400 (Eastern Daylight Time)}
55884c0dfdf99b4020ba0a1b,SESSION_ID:64fa214a48fdd2e93e2e356a,STUDY_ID:64fa1e7d676feb23d42ed75d,1,White,41,Female,Independent,duration:49119,startTime:Thu Sep 07 2023 14:17:22 GMT-0500 (Central Daylight Time),submitTime:Thu Sep 07 2023 14:18:11 GMT-0500 (Central Daylight Time)}
644087beeb531ba7b10ae320,SESSION_ID:64f88dfa8c61f03b56d3f485,STUDY_ID:64f87d77f1db16f3b98108c3,3,White,69,Female,Democrat,duration:62559,startTime:Wed Sep 06 2023 07:37:19 GMT-0700 (Mountain Standard Time),submitTime:Wed Sep 06 2023 07:38:22 GMT-0700 (Mountain Standard Time)}
636261a282f90a4b0998fe5c,SESSION_ID:64f8e2625e5d9afcdd2f7997,STUDY_ID:64f8ce337b289a6b18812bba,2,Black,34,Male,Democrat,duration:20281,startTime:Wed Sep 06 2023 16:53:59 GMT-0400 (Eastern Daylight Time),submitTime:Wed Sep 06 2023 16:54:19 GMT-0400 (Eastern Daylight Time)}
5effc7a64495250cbb0d8de8,SESSION_ID:64f8908a2b857b80f1f48973,STUDY_ID:64f87d77f1db16f3b98108c2,3,Asian,41,Male,Republican,duration:76269,startTime:Wed Sep 06 2023 07:47:00 GMT-0700 (Pacific Daylight Time),submitTime:Wed Sep 06 2023 07:48:17 GMT-0700 (Pacific Daylight Time)}
60fef0f40629e4b5119b306b,SESSION_ID:64fb3464a74ca48ec12ae869,STUDY_ID:64fb25990f2d04d645f0af85,3,White,22,Female,Independent,duration:18054,startTime:Fri Sep 08 2023 09:53:44 GMT-0500 (Central Daylight Time),submitTime:Fri Sep 08 2023 09:54:02 GMT-0500 (Central Daylight Time)}
63b63938dbf229f3eb46d4a4,SESSION_ID:64f88e15be77a009fbb25083,STUDY_ID:64f87d77f1db16f3b98108c2,3,White,50,Male,Democrat,duration:16190,startTime:Wed Sep 06 2023 10:43:39 GMT-0400 (Eastern Daylight Time),submitTime:Wed Sep 06 2023 10:43:55 GMT-0400 (Eastern Daylight Time)}
60e2193771b86e6712f86efc,SESSION_ID:64fb5d79596bace2f151584c,STUDY_ID:64fb5325bdb79267c69827df,2,Black,130,Male,Democrat,duration:22157,startTime:Fri Sep 08 2023 13:45:57 GMT-0400 (Eastern Daylight Time),submitTime:Fri Sep 08 2023 13:46:20 GMT-0400 (Eastern Daylight Time)}
62d882e6a4564ff6bbeef874,SESSION_ID:64f8e27e15dfd166fc8e71da,STUDY_ID:64f8ce337b289a6b18812bba,2,Black,33,Male,Republican,duration:154053,startTime:Wed Sep 06 2023 16:35:12 GMT-0400 (Eastern Daylight Time),submitTime:Wed Sep 06 2023 16:37:46 GMT-0400 (Eastern Daylight Time)}
62978b42ddbf6894c660de15,SESSION_ID:64fa31da6d27a0cce0d11806,STUDY_ID:64fa1e7d676feb23d42ed75d,1,Hispanic,53,Female,Independent,duration:23918,startTime:Thu Sep 07 2023 15:27:43 GMT-0500 (heure d’été du Centre),submitTime:Thu Sep 07 2023 15:28:07 GMT-0500 (heure d’été du Centre)}
5fbcba5a9b4bfe18cd49abea,SESSION_ID:64f8dd9ee1d2f129ab2f79a0,STUDY_ID:64f8ce337b289a6b18812bbb,3,Others,48,Female,Independent,duration:41026,startTime:Wed Sep 06 2023 15:15:56 GMT-0500 (Central Daylight Time),submitTime:Wed Sep 06 2023 15:16:37 GMT-0500 (Central Daylight Time)}
639f9c5df69bccc14bb598b7,SESSION_ID:64f8ec26b583050001b875a6,STUDY_ID:64f8ce337b289a6b18812bba,2,White,53,Male,Independent,duration:63039,startTime:Wed Sep 06 2023 15:18:06 GMT-0600 (Mountain Daylight Time),submitTime:Wed Sep 06 2023 15:19:09 GMT-0600 (Mountain Daylight Time)}
60fe250b3984cfdf32c05860,SESSION_ID:64f8e3d765d7cf108981196d,STUDY_ID:64f8ce337b289a6b18812bbb,3,Hispanic,52,Female,Democrat,duration:25985,startTime:Wed Sep 06 2023 15:42:21 GMT-0500 (Central Daylight Time),submitTime:Wed Sep 06 2023 15:42:47 GMT-0500 (Central Daylight Time)}
5e8a69c836bc63718a82cb90,SESSION_ID:64f88f8c9e5ca0f30261f16c,STUDY_ID:64f87d77f1db16f3b98108c2,1,Asian,30,Male,Republican,duration:27227,startTime:Wed Sep 06 2023 10:43:47 GMT-0400 (Eastern Daylight Time),submitTime:Wed Sep 06 2023 10:44:14 GMT-0400 (Eastern Daylight Time)}
5ec085451dce4f1460284292,SESSION_ID:64f8e5e92cf3e8dc3e033ec9,STUDY_ID:64f8ce337b289a6b18812bbb,3,White,48,Female,Republican,duration:65741,startTime:Wed Sep 06 2023 13:51:41 GMT-0700 (Pacific Daylight Time),submitTime:Wed Sep 06 2023 13:52:46 GMT-0700 (Pacific Daylight Time)}
5dbc73047d3d3622bcd31170,SESSION_ID:64f88bd34c956d077235aee3,STUDY_ID:64f87d77f1db16f3b98108c3,2,White,52,Female,Republican,duration:19174,startTime:Wed Sep 06 2023 09:26:07 GMT-0500 (Central Daylight Time),submitTime:Wed Sep 06 2023 09:26:26 GMT-0500 (Central Daylight Time)}
61110faa7e65b9b5ae70c267,SESSION_ID:64fa23dfdd1b2d434bde3efc,STUDY_ID:64fa1e7d676feb23d42ed75d,3,White,32,Female,Democrat,duration:17004,startTime:Thu Sep 07 2023 15:27:58 GMT-0400 (Eastern Daylight Time),submitTime:Thu Sep 07 2023 15:28:15 GMT-0400 (Eastern Daylight Time)}
60504d76137312c86f02c52c,SESSION_ID:64f8d79cd366fb415db9404f,STUDY_ID:64f8ce337b289a6b18812bbb,3,White,20,Female,Democrat,duration:36749,startTime:Wed Sep 06 2023 14:50:38 GMT-0500 (Central Daylight Time),submitTime:Wed Sep 06 2023 14:51:15 GMT-0500 (Central Daylight Time)}
60ff26e2e30862fdb8531934,SESSION_ID:64f88f8ec8aef9128eaa1964,STUDY_ID:64f87d77f1db16f3b98108c3,1,White,31,Female,Democrat,duration:48388,startTime:Wed Sep 06 2023 10:42:10 GMT-0400 (Eastern Daylight Time),submitTime:Wed Sep 06 2023 10:42:58 GMT-0400 (Eastern Daylight Time)}
5e77d216e2ce7c0849880e65,SESSION_ID:64fa22e2e0a73ed760ddd04e,STUDY_ID:64fa1e7d676feb23d42ed75d,1,White,55,Female,Republican,duration:32295,startTime:Thu Sep 07 2023 14:24:25 GMT-0500 (Central Daylight Time),submitTime:Thu Sep 07 2023 14:24:57 GMT-0500 (Central Daylight Time)}
6397bcc95a5e903a262566bb,SESSION_ID:64fa53e95826914e2468e0a8,STUDY_ID:64fa428fa4e478e7a98223f8,3,White,28,Male,Republican,duration:36052,startTime:Thu Sep 07 2023 15:54:48 GMT-0700 (Pacific Daylight Time),submitTime:Thu Sep 07 2023 15:55:24 GMT-0700 (Pacific Daylight Time)}
61bb389740db417c1a138cad,SESSION_ID:64f88899d43973b16d5fb944,STUDY_ID:64f87d77f1db16f3b98108c2,3,White,61,Male,Republican,duration:32913,startTime:Wed Sep 06 2023 10:14:56 GMT-0400 (Eastern Daylight Time),submitTime:Wed Sep 06 2023 10:15:29 GMT-0400 (Eastern Daylight Time)}
5e711d9e908b46031e32138c,SESSION_ID:64f9fa530ec9b6cb6a002bc7,STUDY_ID:64f9ee09a7d6206585ae8d11,2,White,63,Male,Democrat,duration:101703,startTime:Thu Sep 07 2023 12:32:16 GMT-0400 (Eastern Daylight Time),submitTime:Thu Sep 07 2023 12:33:57 GMT-0400 (Eastern Daylight Time)}
631780ffdc06e4d6d4a8aa2d,SESSION_ID:64f8e31eb8f15a717aa396ad,STUDY_ID:64f8ce337b289a6b18812bbb,3,Black,35,Female,Democrat,duration:32588,startTime:Wed Sep 06 2023 16:39:36 GMT-0400 (Eastern Daylight Time),submitTime:Wed Sep 06 2023 16:40:08 GMT-0400 (Eastern Daylight Time)}
5edaaffa2fb6186f3a7b4579,SESSION_ID:64fa33fff86cac1ff1e57948,STUDY_ID:64fa1e7d676feb23d42ed75d,1,Hispanic,23,Female,Democrat,duration:39984,startTime:Thu Sep 07 2023 13:37:18 GMT-0700 (Pacific Daylight Time),submitTime:Thu Sep 07 2023 13:37:58 GMT-0700 (Pacific Daylight Time)}
5c1053202b16ba0001c86317,SESSION_ID:64f8e70df68f75a97ffd7124,STUDY_ID:64f8ce337b289a6b18812bba,3,Black,38,Male,Independent,duration:20688,startTime:Wed Sep 06 2023 15:55:04 GMT-0500 (Central Daylight Time),submitTime:Wed Sep 06 2023 15:55:25 GMT-0500 (Central Daylight Time)}
60fe2c4662ca0c1aa5e6016a,SESSION_ID:64f8db2b09f6df82c9b9406c,STUDY_ID:64f8ce337b289a6b18812bbb,1,White,28,Female,Republican,duration:26292,startTime:Wed Sep 06 2023 16:04:36 GMT-0400 (Eastern Daylight Time),submitTime:Wed Sep 06 2023 16:05:03 GMT-0400 (Eastern Daylight Time)}
6345c5134fb2b5e288ae94e9,SESSION_ID:64fa304113aab933aefd4eee,STUDY_ID:64fa1e7d676feb23d42ed75d,1,White,30,Female,Independent,duration:46699,startTime:Thu Sep 07 2023 16:20:33 GMT-0400 (Eastern Daylight Time),submitTime:Thu Sep 07 2023 16:21:19 GMT-0400 (Eastern Daylight Time)}
56c79f6cc41c43000c0886b0,SESSION_ID:64f8e4149cbb5ad528d3f4dc,STUDY_ID:64f8ce337b289a6b18812bba,3,White,47,Male,Democrat,duration:89995,startTime:Wed Sep 06 2023 16:44:52 GMT-0400 (Eastern Daylight Time),submitTime:Wed Sep 06 2023 16:46:22 GMT-0400 (Eastern Daylight Time)}
60fdbd971aab70ac228ed016,SESSION_ID:64f8e020635e55e331027fbc,STUDY_ID:64f8ce337b289a6b18812bbb,2,Black,44,Female,Democrat,duration:55135,startTime:Wed Sep 06 2023 16:27:21 GMT-0400 (Eastern Daylight Time),submitTime:Wed Sep 06 2023 16:28:16 GMT-0400 (Eastern Daylight Time)}
642727be26e2e928b64f0ab0,SESSION_ID:64f88f77b23d2542e19ad904,STUDY_ID:64f87d77f1db16f3b98108c3,1,White,73,Female,Independent,duration:44830,startTime:Wed Sep 06 2023 10:42:14 GMT-0400 (Eastern Daylight Time),submitTime:Wed Sep 06 2023 10:42:59 GMT-0400 (Eastern Daylight Time)}
5e1b725de8a663380249e8f9,SESSION_ID:64f8844eaeccbc9458b25059,STUDY_ID:64f87d77f1db16f3b98108c3,2,White,56,Female,Republican,duration:30415,startTime:Wed Sep 06 2023 09:55:11 GMT-0400 (Eastern Daylight Time),submitTime:Wed Sep 06 2023 09:55:41 GMT-0400 (Eastern Daylight Time)}
629fb59ba81f4f5791475548,SESSION_ID:64f88c78f5d52394922cac55,STUDY_ID:64f87d77f1db16f3b98108c2,3,Black,49,Male,Democrat,duration:35106,startTime:Wed Sep 06 2023 10:30:15 GMT-0400 (Eastern Daylight Time),submitTime:Wed Sep 06 2023 10:30:50 GMT-0400 (Eastern Daylight Time)}
5c56006bb419770001c0ed2c,SESSION_ID:64f88ae90c20776533a396ab,STUDY_ID:64f87d77f1db16f3b98108c2,3,White,36,Male,Independent,duration:16207,startTime:Wed Sep 06 2023 10:22:38 GMT-0400 (Eastern Daylight Time),submitTime:Wed Sep 06 2023 10:22:54 GMT-0400 (Eastern Daylight Time)}
5dc592c6aa431440aa755d5b,SESSION_ID:64fa2e0a6ca417823fd117ed,STUDY_ID:64fa1e7d676feb23d42ed75d,1,White,24,Female,Independent,duration:18669,startTime:Thu Sep 07 2023 15:10:37 GMT-0500 (Central Daylight Time),submitTime:Thu Sep 07 2023 15:10:56 GMT-0500 (Central Daylight Time)}
5d423e1ef1006e00016a95e1,SESSION_ID:64f88d7148002693aba3ca6f,STUDY_ID:64f87d77f1db16f3b98108c3,2,White,41,Female,Independent,duration:36342,startTime:Wed Sep 06 2023 09:50:45 GMT-0500 (Central Daylight Time),submitTime:Wed Sep 06 2023 09:51:21 GMT-0500 (Central Daylight Time)}
5ec0914ef9f1aa49f02c7449,SESSION_ID:64fb2d426d1c40f01ab694cb,STUDY_ID:64fb25990f2d04d645f0af85,1,Others,50,Female,Democrat,duration:32742,startTime:Fri Sep 08 2023 07:20:38 GMT-0700 (Pacific Daylight Time),submitTime:Fri Sep 08 2023 07:21:10 GMT-0700 (Pacific Daylight Time)}
5bb2e60526f5300001ebf51b,SESSION_ID:64fa286d1a2270d9231deb0d,STUDY_ID:64fa1e7d676feb23d42ed75d,3,White,25,Female,Independent,duration:11895,startTime:Thu Sep 07 2023 14:46:33 GMT-0500 (Central Daylight Time),submitTime:Thu Sep 07 2023 14:46:45 GMT-0500 (Central Daylight Time)}
5a6fbc25f1530b000103b557,SESSION_ID:64fa545e07f61be92640b62f,STUDY_ID:64fa428fa4e478e7a98223f8,3,White,30,Male,Democrat,duration:29234,startTime:Thu Sep 07 2023 15:54:48 GMT-0700 (Pacific Daylight Time),submitTime:Thu Sep 07 2023 15:55:17 GMT-0700 (Pacific Daylight Time)}
636261a282f90a4b0998fe5c,SESSION_ID:64f8e2625e5d9afcdd2f7997,STUDY_ID:64f8ce337b289a6b18812bba,3,Black,34,Male,Democrat,duration:46624,startTime:Wed Sep 06 2023 16:50:33 GMT-0400 (Eastern Daylight Time),submitTime:Wed Sep 06 2023 16:51:20 GMT-0400 (Eastern Daylight Time)}
5f21f8a46a97191e94a4d08c,SESSION_ID:64fb37e2f54f458988985fd0,STUDY_ID:64fb25990f2d04d645f0af85,2,White,61,Female,Independent,duration:42463,startTime:Fri Sep 08 2023 09:12:37 GMT-0600 (Mountain Daylight Time),submitTime:Fri Sep 08 2023 09:13:20 GMT-0600 (Mountain Daylight Time)}
62f875cb0bd095fcf778dd3a,SESSION_ID:64f88e7243ca197421579cb0,STUDY_ID:64f87d77f1db16f3b98108c2,3,White,57,Male,Independent,duration:30116,startTime:Wed Sep 06 2023 10:43:06 GMT-0400 (Eastern Daylight Time),submitTime:Wed Sep 06 2023 10:43:36 GMT-0400 (Eastern Daylight Time)}
6336fecb0b27c43626068e01,SESSION_ID:64fb5d5feea9c573f47600fa,STUDY_ID:64fb5325bdb79267c69827df,2,Others,48,Male,Democrat,duration:27139,startTime:Fri Sep 08 2023 13:55:58 GMT-0400 (Eastern Daylight Time),submitTime:Fri Sep 08 2023 13:56:25 GMT-0400 (Eastern Daylight Time)}
59f24b04cde13e00019a3e82,SESSION_ID:64fa46ed5258292fe32c9872,STUDY_ID:64fa428fa4e478e7a98223f8,1,White,35,Male,Democrat,duration:26547,startTime:Thu Sep 07 2023 17:57:27 GMT-0400 (Eastern Daylight Time),submitTime:Thu Sep 07 2023 17:57:53 GMT-0400 (Eastern Daylight Time)}
6172beb0f3eecef16ddfb111,SESSION_ID:64f88d0b798d53b7802c258d,STUDY_ID:64f87d77f1db16f3b98108c3,3,White,25,Female,Democrat,duration:16368,startTime:Wed Sep 06 2023 09:33:12 GMT-0500 (Central Daylight Time),submitTime:Wed Sep 06 2023 09:33:29 GMT-0500 (Central Daylight Time)}
6009b7cb660adc051f80bf83,SESSION_ID:64f888d15ac9397848033eba,STUDY_ID:64f87d77f1db16f3b98108c3,2,White,29,Female,Independent,duration:39266,startTime:Wed Sep 06 2023 10:13:24 GMT-0400 (Eastern Daylight Time),submitTime:Wed Sep 06 2023 10:14:04 GMT-0400 (Eastern Daylight Time)}
60463896f9a82809f6eda231,SESSION_ID:64f8e5ce3bdec6524a356cbd,STUDY_ID:64f8ce337b289a6b18812bba,3,White,46,Male,Democrat,duration:33033,startTime:Wed Sep 06 2023 15:51:45 GMT-0500 (Central Daylight Time),submitTime:Wed Sep 06 2023 15:52:18 GMT-0500 (Central Daylight Time)}
615df4a8253f3bfee4097f9e,SESSION_ID:64f8d79603d48102c9909433,STUDY_ID:64f8ce337b289a6b18812bba,3,White,51,Male,Independent,duration:19552,startTime:Wed Sep 06 2023 15:51:38 GMT-0400 (Eastern Daylight Time),submitTime:Wed Sep 06 2023 15:51:58 GMT-0400 (Eastern Daylight Time)}
5de83f3b3aa615000a41f831,SESSION_ID:64f8df613300750792702e44,STUDY_ID:64f8ce337b289a6b18812bbb,2,Black,50,Female,Independent,duration:150775,startTime:Wed Sep 06 2023 16:32:57 GMT-0400 (Eastern Daylight Time),submitTime:Wed Sep 06 2023 16:35:27 GMT-0400 (Eastern Daylight Time)}
5f4f93bcb46af5055714d433,SESSION_ID:64f88f10d55a4a34a4b2a9ca,STUDY_ID:64f87d77f1db16f3b98108c3,2,White,57,Female,Democrat,duration:46568,startTime:Wed Sep 06 2023 10:45:01 GMT-0400 (Eastern Daylight Time),submitTime:Wed Sep 06 2023 10:45:47 GMT-0400 (Eastern Daylight Time)}
615880a66bc32302998866d9,SESSION_ID:64f8e66018ccddb31cae3ac0,STUDY_ID:64f8ce337b289a6b18812bbb,2,Asian,56,Female,Republican,duration:20331,startTime:Wed Sep 06 2023 15:53:15 GMT-0500 (Central Daylight Time),submitTime:Wed Sep 06 2023 15:53:35 GMT-0500 (Central Daylight Time)}
63fc425460ebc8ea83407754,SESSION_ID:64f88b8efa1c93d07ad34d65,STUDY_ID:64f87d77f1db16f3b98108c2,1,Black,55,Male,Independent,duration:27830,startTime:Wed Sep 06 2023 10:27:45 GMT-0400 (Eastern Daylight Time),submitTime:Wed Sep 06 2023 10:28:13 GMT-0400 (Eastern Daylight Time)}
5b53e95f4bbe600001465c18,SESSION_ID:64f9d7330a06735fe7ad8b80,STUDY_ID:64f9ca79054670dbff57b69b,1,White,39,Female,Democrat,duration:17601,startTime:Thu Sep 07 2023 10:13:55 GMT-0400 (Eastern Daylight Time),submitTime:Thu Sep 07 2023 10:14:13 GMT-0400 (Eastern Daylight Time)}
5a6ff39ef660ae0001a9837e,SESSION_ID:64fa2d263d2e5fced62038f4,STUDY_ID:64fa1e7d676feb23d42ed75d,1,White,25,Female,Republican,duration:24145,startTime:Thu Sep 07 2023 16:06:53 GMT-0400 (Eastern Daylight Time),submitTime:Thu Sep 07 2023 16:07:17 GMT-0400 (Eastern Daylight Time)}
63cf4f4722d1c48cef8b0b10,SESSION_ID:64f9cbcc7aca7019d05ad974,STUDY_ID:64f9ca79054670dbff57b69a,1,White,27,Male,Democrat,duration:16102,startTime:Thu Sep 07 2023 09:11:43 GMT-0400 (EDT),submitTime:Thu Sep 07 2023 09:11:59 GMT-0400 (EDT)}
5c008a00bab6730001649924,SESSION_ID:64fa514ab84edd5393521cc2,STUDY_ID:64fa428fa4e478e7a98223f8,3,White,51,Male,Democrat,duration:17542,startTime:Thu Sep 07 2023 18:41:03 GMT-0400 (Eastern Daylight Time),submitTime:Thu Sep 07 2023 18:41:20 GMT-0400 (Eastern Daylight Time)}
5da13684f2f41900141644bf,SESSION_ID:64f88adddaf8777aee24aaaf,STUDY_ID:64f87d77f1db16f3b98108c3,2,White,64,Female,Independent,duration:48675,startTime:Wed Sep 06 2023 10:23:59 GMT-0400 (Eastern Daylight Time),submitTime:Wed Sep 06 2023 10:24:48 GMT-0400 (Eastern Daylight Time)}
610864578ea63b60b56e821b,SESSION_ID:64f8e5c2fb8fed67f5a14c35,STUDY_ID:64f8ce337b289a6b18812bbb,2,Hispanic,21,Female,Democrat,duration:42145,startTime:Wed Sep 06 2023 15:50:56 GMT-0500 (Central Daylight Time),submitTime:Wed Sep 06 2023 15:51:38 GMT-0500 (Central Daylight Time)}
5658f4787d69570012dfe2d1,SESSION_ID:64f8d9eb0a1f210795b038cb,STUDY_ID:64f8ce337b289a6b18812bbb,2,White,47,Female,Democrat,duration:28243,startTime:Wed Sep 06 2023 15:00:19 GMT-0500 (Central Daylight Time),submitTime:Wed Sep 06 2023 15:00:47 GMT-0500 (Central Daylight Time)}
642b00a2650a286366bd62fb,SESSION_ID:64f89009f992b327b835aef3,STUDY_ID:64f87d77f1db16f3b98108c2,3,White,54,Male,Democrat,duration:19340,startTime:Wed Sep 06 2023 07:44:28 GMT-0700 (Pacific Daylight Time),submitTime:Wed Sep 06 2023 07:44:47 GMT-0700 (Pacific Daylight Time)}
64018f58d236aad3893f34b6,SESSION_ID:64f8e5de25435cbcd5b250a4,STUDY_ID:64f8ce337b289a6b18812bba,2,Black,35,Male,Independent,duration:33237,startTime:Wed Sep 06 2023 16:52:57 GMT-0400 (Eastern Daylight Time),submitTime:Wed Sep 06 2023 16:53:30 GMT-0400 (Eastern Daylight Time)}
5e531b2205acdb33c0f5f24c,SESSION_ID:64f897b9d5194154ecaa196c,STUDY_ID:64f87d77f1db16f3b98108c2,1,White,45,Male,Democrat,duration:34747,startTime:Wed Sep 06 2023 11:18:23 GMT-0400 (Eastern Daylight Time),submitTime:Wed Sep 06 2023 11:18:58 GMT-0400 (Eastern Daylight Time)}
633c7424294f7a26710ca395,SESSION_ID:64f9d36e787646064cace52f,STUDY_ID:64f9ca79054670dbff57b69a,1,White,39,Male,Democrat,duration:20604,startTime:Thu Sep 07 2023 08:44:03 GMT-0500 (Central Daylight Time),submitTime:Thu Sep 07 2023 08:44:24 GMT-0500 (Central Daylight Time)}
63c047ef36e1348b19bb8010,SESSION_ID:64f887bded79df1136d98b67,STUDY_ID:64f87d77f1db16f3b98108c3,3,White,37,Female,Independent,duration:60304,startTime:Wed Sep 06 2023 08:09:56 GMT-0600 (Mountain Daylight Time),submitTime:Wed Sep 06 2023 08:10:57 GMT-0600 (Mountain Daylight Time)}
646d0c002229d5c74c06847c,SESSION_ID:64fa2e3c7203934aefca66e9,STUDY_ID:64fa1e7d676feb23d42ed75d,3,Hispanic,49,Female,Democrat,duration:143155,startTime:Thu Sep 07 2023 14:12:14 GMT-0600 (Mountain Daylight Time),submitTime:Thu Sep 07 2023 14:14:38 GMT-0600 (Mountain Daylight Time)}
5c4e68d8bcc3dc00015501fb,SESSION_ID:64fa51e84f73375bda512465,STUDY_ID:64fa428fa4e478e7a98223f8,3,White,28,Male,Democrat,duration:27035,startTime:Thu Sep 07 2023 18:46:02 GMT-0400 (Eastern Daylight Time),submitTime:Thu Sep 07 2023 18:46:29 GMT-0400 (Eastern Daylight Time)}
562e4469733ea00005163785,SESSION_ID:64f8e59b1b03f3fa932b0b81,STUDY_ID:64f8ce337b289a6b18812bba,3,White,48,Male,Democrat,duration:31070,startTime:Wed Sep 06 2023 10:49:50 GMT-1000 (Hawaii-Aleutian Standard Time),submitTime:Wed Sep 06 2023 10:50:21 GMT-1000 (Hawaii-Aleutian Standard Time)}
5f0cd090c46f4017b410ccbf,SESSION_ID:64f880151e3e8e053cae3aa6,STUDY_ID:64f87d77f1db16f3b98108c3,1,White,66,Female,Independent,duration:44529,startTime:Wed Sep 06 2023 09:36:50 GMT-0400 (Eastern Daylight Time),submitTime:Wed Sep 06 2023 09:37:35 GMT-0400 (Eastern Daylight Time)}
63e51bdade16b861346088b4,SESSION_ID:64f88bc96fabf0ef7c2c2579,STUDY_ID:64f87d77f1db16f3b98108c2,2,White,24,Male,Democrat,duration:16718,startTime:Wed Sep 06 2023 10:25:51 GMT-0400 (Eastern Daylight Time),submitTime:Wed Sep 06 2023 10:26:07 GMT-0400 (Eastern Daylight Time)}
63d3f95bba922834f0e8ac39,SESSION_ID:64f8822029466eda28fa9505,STUDY_ID:64f87d77f1db16f3b98108c2,1,White,30,Male,Democrat,duration:40146,startTime:Wed Sep 06 2023 09:44:49 GMT-0400 (Eastern Daylight Time),submitTime:Wed Sep 06 2023 09:45:29 GMT-0400 (Eastern Daylight Time)}
61645d805d7b358ed3e052a6,SESSION_ID:64f8e6e8966789969b702e61,STUDY_ID:64f8ce337b289a6b18812bba,1,Asian,32,Male,Democrat,duration:16922,startTime:Wed Sep 06 2023 14:56:40 GMT-0600 (Mountain Daylight Time),submitTime:Wed Sep 06 2023 14:56:57 GMT-0600 (Mountain Daylight Time)}